-- phpMyAdmin SQL Dump
-- version 5.2.1
-- https://www.phpmyadmin.net/
--
-- Host: 127.0.0.1
-- Generation Time: Jan 28, 2025 at 05:04 PM
-- Server version: 10.4.32-MariaDB
-- PHP Version: 8.2.12

SET SQL_MODE = "NO_AUTO_VALUE_ON_ZERO";
START TRANSACTION;
SET time_zone = "+00:00";


/*!40101 SET @OLD_CHARACTER_SET_CLIENT=@@CHARACTER_SET_CLIENT */;
/*!40101 SET @OLD_CHARACTER_SET_RESULTS=@@CHARACTER_SET_RESULTS */;
/*!40101 SET @OLD_COLLATION_CONNECTION=@@COLLATION_CONNECTION */;
/*!40101 SET NAMES utf8mb4 */;

--
-- Database: `mobile_store_db`
--

-- --------------------------------------------------------

--
-- Table structure for table `brands`
--

CREATE TABLE `brands` (
  `id` int(30) NOT NULL,
  `name` varchar(250) NOT NULL,
  `description` text DEFAULT NULL,
  `status` tinyint(1) NOT NULL DEFAULT 1,
  `date_created` datetime NOT NULL DEFAULT current_timestamp()
) ENGINE=InnoDB DEFAULT CHARSET=utf8mb4 COLLATE=utf8mb4_general_ci;

--
-- Dumping data for table `brands`
--

INSERT INTO `brands` (`id`, `name`, `description`, `status`, `date_created`) VALUES
(1, 'Apple', 'Apple Company', 1, '2025-01-02 10:29:53'),
(2, 'Huaweii', 'Huaweii Company', 1, '2025-01-02 10:30:55'),
(3, 'Samsung', 'Samsung Company', 1, '2025-01-02 10:31:57'),
(4, 'Vivo', 'Vivo Company', 1, '2025-01-02 10:33:59'),
(5, 'Nokia', 'Nokia Company', 1, '2025-01-02 10:34:01'),
(6, 'Xiaomi', 'Xiaomi Company', 1, '2025-01-02 10:35:53'),
(7, 'MyPhone', 'MyPhone Company', 1, '2025-01-02 10:39:53'),
(9, 'Symphony', 'Made in Bangladesh', 1, '2025-01-28 17:02:34'),
(10, 'Walton', 'One of the Largest Consumer Electronics manufacturer in South Asia', 1, '2025-01-28 17:02:56'),
(11, 'Honor', 'Owned by Shenzhen Zhixin New Information Technology Co., Ltd.', 1, '2025-01-28 17:03:32'),
(12, 'Infinix', 'Subsidiary of Transsion', 1, '2025-01-28 17:04:05'),
(13, 'Itel Mobile', 'Subsidiary of Transsion', 1, '2025-01-28 17:04:36'),
(14, 'iQOO', 'Owned by Vivo', 1, '2025-01-28 17:05:03'),
(15, 'OnePlus', 'Owned by Oppo', 1, '2025-01-28 17:05:45'),
(16, 'Oppo', 'Made in Chaina', 1, '2025-01-28 17:06:07'),
(17, 'Realme', 'Owned by Oppo', 1, '2025-01-28 17:06:35'),
(18, 'Nokia Corporation', 'Hardware development delegated to third party', 1, '2025-01-28 17:09:12'),
(19, 'Lenovo', 'Made in Hong Kong', 1, '2025-01-28 17:09:45'),
(20, 'Lava International', 'Made in India', 1, '2025-01-28 17:10:10'),
(21, 'Panasonic', 'Made in Japan', 1, '2025-01-28 17:10:35'),
(22, 'Sony', 'Made in Japan', 1, '2025-01-28 17:10:51'),
(23, 'Microsoft', 'Back to mobile business and focused on Android based Surface line smartphone', 1, '2025-01-28 17:11:51'),
(24, 'Motorola Mobility', 'Subsidiary of Lenovo', 1, '2025-01-28 17:12:12');

-- --------------------------------------------------------

--
-- Table structure for table `cart`
--

CREATE TABLE `cart` (
  `id` int(30) NOT NULL,
  `client_id` int(30) NOT NULL,
  `inventory_id` int(30) NOT NULL,
  `price` double NOT NULL,
  `quantity` int(30) NOT NULL,
  `date_created` datetime NOT NULL DEFAULT current_timestamp()
) ENGINE=InnoDB DEFAULT CHARSET=utf8mb4 COLLATE=utf8mb4_general_ci;

-- --------------------------------------------------------

--
-- Table structure for table `categories`
--

CREATE TABLE `categories` (
  `id` int(30) NOT NULL,
  `category` varchar(250) NOT NULL,
  `description` text DEFAULT NULL,
  `status` tinyint(1) NOT NULL DEFAULT 1,
  `date_created` datetime NOT NULL DEFAULT current_timestamp()
) ENGINE=InnoDB DEFAULT CHARSET=utf8mb4 COLLATE=utf8mb4_general_ci;

--
-- Dumping data for table `categories`
--

INSERT INTO `categories` (`id`, `category`, `description`, `status`, `date_created`) VALUES
(1, 'Smart Phone', 'Smart Phone Products', 1, '2025-01-03 10:01:25'),
(2, 'Accessories', 'Phone Accessories', 1, '2025-01-03 10:03:25'),
(3, 'Mobile Hardware', 'Mobile Hardware products', 1, '2025-01-03 10:04:25'),
(4, 'External Storage', 'External Storage Products', 1, '2025-01-03 10:09:25');

-- --------------------------------------------------------

--
-- Table structure for table `clients`
--

CREATE TABLE `clients` (
  `id` int(30) NOT NULL,
  `firstname` varchar(250) NOT NULL,
  `lastname` varchar(250) NOT NULL,
  `gender` varchar(20) NOT NULL,
  `contact` varchar(15) NOT NULL,
  `email` varchar(250) NOT NULL,
  `password` text NOT NULL,
  `default_delivery_address` text NOT NULL,
  `date_created` datetime NOT NULL DEFAULT current_timestamp()
) ENGINE=InnoDB DEFAULT CHARSET=utf8mb4 COLLATE=utf8mb4_general_ci;

--
-- Dumping data for table `clients`
--

INSERT INTO `clients` (`id`, `firstname`, `lastname`, `gender`, `contact`, `email`, `password`, `default_delivery_address`, `date_created`) VALUES
(1, 'Shahriar', 'Naiem Rafi', 'Male', '0712345678', 'rafi420@gmail.com', 'rafi1234', 'Mohammadpur, Dhaka', '2025-01-01 15:32:20'),
(2, 'Md. Ismail', 'Rifat', 'Male', '01729630519', 'irifatbd@gmail.com', '2e1e5ce47d4b17e67b3d6b01edc01efc', '110/15, Mosjidpara, Chapainawabganj Sador', '2025-01-28 21:56:55');

-- --------------------------------------------------------

--
-- Table structure for table `inventory`
--

CREATE TABLE `inventory` (
  `id` int(30) NOT NULL,
  `product_id` int(30) NOT NULL,
  `quantity` double NOT NULL,
  `price` float NOT NULL,
  `date_created` datetime NOT NULL DEFAULT current_timestamp(),
  `date_updated` datetime DEFAULT NULL ON UPDATE current_timestamp()
) ENGINE=InnoDB DEFAULT CHARSET=utf8mb4 COLLATE=utf8mb4_general_ci;

--
-- Dumping data for table `inventory`
--

INSERT INTO `inventory` (`id`, `product_id`, `quantity`, `price`, `date_created`, `date_updated`) VALUES
(1, 1, 15, 74990, '2025-01-04 10:01:25', '2025-01-28 16:52:46'),
(2, 2, 20, 69990, '2025-01-04 10:05:25', '2025-01-28 16:52:46'),
(3, 3, 25, 1250, '2025-01-04 10:10:25', '2025-01-28 21:17:40'),
(4, 4, 20, 162999, '2025-01-28 17:41:41', NULL),
(5, 5, 10, 201599, '2025-01-28 17:45:01', NULL),
(6, 6, 5, 190999, '2025-01-28 17:52:19', NULL),
(7, 7, 3, 226999, '2025-01-28 18:03:58', NULL),
(8, 8, 5, 139999, '2025-01-28 18:19:40', NULL),
(9, 9, 2, 39999, '2025-01-28 18:26:06', NULL),
(10, 10, 2, 89999, '2025-01-28 18:41:23', NULL),
(11, 11, 2, 23999, '2025-01-28 18:47:04', NULL),
(12, 12, 5, 80000, '2025-01-28 18:51:07', NULL),
(13, 13, 5, 20000, '2025-01-28 18:55:21', NULL),
(14, 14, 2, 20000, '2025-01-28 18:59:37', NULL),
(15, 15, 2, 80000, '2025-01-28 19:04:59', NULL),
(16, 16, 5, 46000, '2025-01-28 19:09:00', NULL),
(17, 17, 5, 200000, '2025-01-28 19:14:52', NULL),
(18, 18, 5, 209999, '2025-01-28 19:24:09', NULL),
(19, 19, 5, 243999, '2025-01-28 21:11:01', NULL),
(20, 20, 5, 950, '2025-01-28 21:20:10', NULL),
(21, 21, 50, 19900, '2025-01-28 21:28:01', NULL),
(22, 22, 20, 28590, '2025-01-28 21:30:10', NULL),
(23, 23, 20, 28390, '2025-01-28 21:32:45', NULL),
(24, 24, 10, 28500, '2025-01-28 21:35:27', NULL),
(25, 25, 20, 7999, '2025-01-28 21:40:59', NULL);

-- --------------------------------------------------------

--
-- Table structure for table `orders`
--

CREATE TABLE `orders` (
  `id` int(30) NOT NULL,
  `client_id` int(30) NOT NULL,
  `delivery_address` text NOT NULL,
  `payment_method` varchar(100) NOT NULL,
  `order_type` tinyint(1) NOT NULL COMMENT '1= pickup,2= deliver',
  `amount` double NOT NULL,
  `status` tinyint(2) NOT NULL DEFAULT 0,
  `paid` tinyint(1) NOT NULL DEFAULT 0,
  `date_created` datetime NOT NULL DEFAULT current_timestamp(),
  `date_updated` datetime DEFAULT NULL ON UPDATE current_timestamp()
) ENGINE=InnoDB DEFAULT CHARSET=utf8mb4 COLLATE=utf8mb4_general_ci;

--
-- Dumping data for table `orders`
--

INSERT INTO `orders` (`id`, `client_id`, `delivery_address`, `payment_method`, `order_type`, `amount`, `status`, `paid`, `date_created`, `date_updated`) VALUES
(1, 1, 'Mohammadpur, Dhaka', 'Online Payment', 1, 75340, 1, 1, '2025-01-03 10:01:25', '2025-01-03 10:10:25'),
(2, 2, '110/15, Mosjidpara, Chapainawabganj Sador', 'cod', 1, 226999, 3, 0, '2025-01-28 21:59:36', '2025-01-28 22:01:41');

-- --------------------------------------------------------

--
-- Table structure for table `order_list`
--

CREATE TABLE `order_list` (
  `id` int(30) NOT NULL,
  `order_id` int(30) NOT NULL,
  `product_id` int(30) NOT NULL,
  `quantity` int(30) NOT NULL,
  `price` double NOT NULL,
  `total` double NOT NULL
) ENGINE=InnoDB DEFAULT CHARSET=utf8mb4 COLLATE=utf8mb4_general_ci;

--
-- Dumping data for table `order_list`
--

INSERT INTO `order_list` (`id`, `order_id`, `product_id`, `quantity`, `price`, `total`) VALUES
(1, 1, 1, 1, 74990, 74990),
(2, 1, 3, 1, 350, 350),
(3, 2, 7, 1, 226999, 226999);

-- --------------------------------------------------------

--
-- Table structure for table `products`
--

CREATE TABLE `products` (
  `id` int(30) NOT NULL,
  `brand_id` int(30) NOT NULL,
  `category_id` int(30) NOT NULL,
  `sub_category_id` int(30) NOT NULL,
  `name` varchar(250) NOT NULL,
  `specs` text NOT NULL,
  `status` tinyint(1) NOT NULL DEFAULT 1,
  `date_created` datetime NOT NULL DEFAULT current_timestamp()
) ENGINE=InnoDB DEFAULT CHARSET=utf8mb4 COLLATE=utf8mb4_general_ci;

--
-- Dumping data for table `products`
--

INSERT INTO `products` (`id`, `brand_id`, `category_id`, `sub_category_id`, `name`, `specs`, `status`, `date_created`) VALUES
(1, 1, 1, 6, 'iPhone 12 Pro max', '<ul class=\\\"techspecs-list\\\" role=\\\"list\\\" style=\\\"margin-right: 0px; margin-bottom: 0px; margin-left: 0px; padding: 0px; list-style: none;\\\"><li role=\\\"listitem\\\" style=\\\"margin: 0px; padding: 0px;\\\">Super Retina XDR display</li><li role=\\\"listitem\\\" style=\\\"margin: 0.4em 0px 0px; padding: 0px;\\\">6.7‑inch (diagonal) all‑screen OLED display</li><li role=\\\"listitem\\\" style=\\\"margin: 0.4em 0px 0px; padding: 0px;\\\">2778‑by‑1284-pixel resolution at 458 ppi</li></ul><p class=\\\"typography-caption model-caption\\\" style=\\\"margin: 0.8em 0px 0px; padding: 0px; line-height: 1.33337;\\\">The iPhone 12 Pro Max display has rounded corners that follow a beautiful curved design, and these corners are within a standard rectangle. When measured as a standard rectangular shape, the screen is 6.68 inches diagonally (actual viewable area is less).</p><p style=\\\"margin: 0.8em 0px 0px; padding: 0px; line-height: 1.33337;\\\"><br></p><ul class=\\\"techspecs-list\\\" role=\\\"list\\\" style=\\\"margin-right: 0px; margin-bottom: 0px; margin-left: 0px; padding: 0px; list-style: none;\\\"><li role=\\\"listitem\\\" style=\\\"margin: 0px; padding: 0px;\\\">HDR display</li><li role=\\\"listitem\\\" style=\\\"margin: 0.4em 0px 0px; padding: 0px;\\\">True Tone</li><li role=\\\"listitem\\\" style=\\\"margin: 0.4em 0px 0px; padding: 0px;\\\">Wide color (P3)</li><li role=\\\"listitem\\\" style=\\\"margin: 0.4em 0px 0px; padding: 0px;\\\">Haptic Touch</li><li role=\\\"listitem\\\" style=\\\"margin: 0.4em 0px 0px; padding: 0px;\\\">2,000,000:1 contrast ratio (typical)</li><li role=\\\"listitem\\\" style=\\\"margin: 0.4em 0px 0px; padding: 0px;\\\">800 nits max brightness (typical); 1,200 nits max brightness (HDR)</li><li role=\\\"listitem\\\" style=\\\"margin: 0.4em 0px 0px; padding: 0px;\\\">Fingerprint-resistant oleophobic coating</li><li role=\\\"listitem\\\" style=\\\"margin: 0.4em 0px 0px; padding: 0px;\\\">Support for display of multiple languages and characters simultaneously</li></ul>', 1, '2025-01-03 10:01:25'),
(2, 3, 1, 5, 'Samsung Galaxy S21 Ultra 5G', '<p></p><p></p><section class=\\\"desc-box mt-2\\\" id=\\\"product-specs\\\" style=\\\"color: rgb(98, 98, 98); font-family: Roboto, sans-serif; font-size: 16px; background-color: rgb(242, 243, 245);\\\"><div class=\\\"header bg-white border border-bottom-0 p-2\\\" style=\\\"--bs-bg-opacity: 1; border-top-color: rgba(222, 226, 230, 0.62) !important; border-right-color: rgba(222, 226, 230, 0.62) !important; border-left-color: rgba(222, 226, 230, 0.62) !important; background-color: rgba(var(--bs-white-rgb), var(--bs-bg-opacity)) !important;\\\"><h2 class=\\\"foswald mb-0 h6\\\" style=\\\"font-family: Oswald, sans-serif !important;\\\">Samsung Galaxy S21 Ultra Full Specifications</h2></div><div class=\\\"product-specs-tbl border shadow-sm cbg-white p-2\\\" style=\\\"border-color: rgba(222, 226, 230, 0.62) !important; background-color: rgba(255, 255, 255, 0.85) !important;\\\"><div class=\\\"specs-tbl-wrapper position-relative\\\"><div class=\\\"readall-hide\\\"><div class=\\\"row mb-2 pb-2 border-bottom\\\" style=\\\"--bs-gutter-x: 1.5rem; --bs-gutter-y: 0; margin-top: calc(-1 * var(--bs-gutter-y)); margin-right: calc(-0.5 * var(--bs-gutter-x)); margin-left: calc(-0.5 * var(--bs-gutter-x));\\\"><div class=\\\"col-md-2 col-12 d-flex d-md-block flex-row d-md-column text-center\\\" style=\\\"flex-basis: auto; width: 123.725px; max-width: 100%; padding-right: calc(var(--bs-gutter-x) * 0.5); padding-left: calc(var(--bs-gutter-x) * 0.5); margin-top: var(--bs-gutter-y);\\\"><h3 class=\\\"text-bold h6 col-11 col-md-12 d-flex align-items-center justify-content-md-center tcdb px-2\\\" style=\\\"flex-basis: auto; width: 99.725px; color: rgb(60, 106, 173) !important;\\\">General</h3></div><div class=\\\"col-md-10\\\" style=\\\"flex-basis: auto; width: 618.662px; max-width: 100%; padding-right: calc(var(--bs-gutter-x) * 0.5); padding-left: calc(var(--bs-gutter-x) * 0.5); margin-top: var(--bs-gutter-y);\\\"><table class=\\\"spec-grp-tbl\\\" style=\\\"caption-side: bottom; width: 594.662px; color: rgb(93, 93, 93); font-size: 15px;\\\"><tbody style=\\\"border-style: solid; border-width: 0px;\\\"><tr style=\\\"border: 1px solid rgba(240, 240, 240, 0.94);\\\"><td class=\\\"td1 ss\\\" style=\\\"border: 0px; width: 148.462px; background-color: rgba(226, 226, 226, 0.13); padding: 7px 10px !important;\\\">Brand</td><td class=\\\"td2 ss\\\" style=\\\"border: 0px; width: 445.4px; padding: 7px 10px !important;\\\">Samsung</td></tr><tr style=\\\"border: 1px solid rgba(240, 240, 240, 0.94);\\\"><td class=\\\"td1 ss\\\" style=\\\"border: 0px; width: 148.462px; background-color: rgba(226, 226, 226, 0.13); padding: 7px 10px !important;\\\">Model</td><td class=\\\"td2 ss\\\" style=\\\"border: 0px; width: 445.4px; padding: 7px 10px !important;\\\">Galaxy S21 Ultra</td></tr><tr style=\\\"border: 1px solid rgba(240, 240, 240, 0.94);\\\"><td class=\\\"td1 ss\\\" style=\\\"border: 0px; width: 148.462px; background-color: rgba(226, 226, 226, 0.13); padding: 7px 10px !important;\\\">Device Type</td><td class=\\\"td2 ss\\\" style=\\\"border: 0px; width: 445.4px; padding: 7px 10px !important;\\\">SmartPhone</td></tr><tr style=\\\"border: 1px solid rgba(240, 240, 240, 0.94);\\\"><td class=\\\"td1 ss\\\" style=\\\"border: 0px; width: 148.462px; background-color: rgba(226, 226, 226, 0.13); padding: 7px 10px !important;\\\">Release Date</td><td class=\\\"td2 ss\\\" style=\\\"border: 0px; width: 445.4px; padding: 7px 10px !important;\\\">29 January 2021</td></tr><tr style=\\\"border: 1px solid rgba(240, 240, 240, 0.94);\\\"><td class=\\\"td1\\\" style=\\\"border: 0px; width: 148.462px; background-color: rgba(226, 226, 226, 0.13); padding: 7px 10px !important;\\\">Status</td><td class=\\\"td2\\\" style=\\\"border: 0px; width: 445.4px; padding: 7px 10px !important;\\\"><svg xmlns=\\\"http://www.w3.org/2000/svg\\\" width=\\\"16\\\" height=\\\"16\\\" fill=\\\"currentColor\\\" class=\\\"bi bi-check-circle-fill text-success\\\" viewBox=\\\"0 0 16 16\\\"><path d=\\\"M16 8A8 8 0 1 1 0 8a8 8 0 0 1 16 0zm-3.97-3.03a.75.75 0 0 0-1.08.022L7.477 9.417 5.384 7.323a.75.75 0 0 0-1.06 1.06L6.97 11.03a.75.75 0 0 0 1.079-.02l3.992-4.99a.75.75 0 0 0-.01-1.05z\\\"></path></svg>&nbsp;Available</td></tr></tbody></table></div><div class=\\\"col-md-10\\\" style=\\\"flex-basis: auto; width: 618.662px; max-width: 100%; padding-right: calc(var(--bs-gutter-x) * 0.5); padding-left: calc(var(--bs-gutter-x) * 0.5); margin-top: var(--bs-gutter-y);\\\"><table class=\\\"spec-grp-tbl\\\" style=\\\"caption-side: bottom; width: 594.662px; color: rgb(93, 93, 93); font-size: 15px;\\\"><tbody style=\\\"border-style: solid; border-width: 0px;\\\"><tr style=\\\"border: 1px solid rgba(240, 240, 240, 0.94);\\\"><td class=\\\"td2\\\" style=\\\"border: 0px; width: 445.4px; padding: 7px 10px !important;\\\"><div class=\\\"header bg-white border-bottom p-2\\\" style=\\\"--bs-bg-opacity: 1; color: rgb(98, 98, 98); font-size: 16px; background-color: rgba(var(--bs-white-rgb), var(--bs-bg-opacity)) !important;\\\"><h2 class=\\\"foswald mb-0 h6 foswald\\\" style=\\\"font-family: Oswald, sans-serif !important;\\\">Samsung Galaxy S21 Ultra Price in Bangladesh 2024 &amp; Release Date</h2></div><div class=\\\"product-specs-tbl cbg-white p-2\\\" style=\\\"color: rgb(98, 98, 98); font-size: 16px;\\\"><div class=\\\"specs-group\\\" style=\\\"border-radius: 5px; overflow: hidden;\\\"><table class=\\\"table m-0\\\" style=\\\"caption-side: bottom; --bs-table-bg: transparent; --bs-table-accent-bg: transparent; --bs-table-striped-color: #212529; --bs-table-striped-bg: rgba(0, 0, 0, 0.05); --bs-table-active-color: #212529; --bs-table-active-bg: rgba(0, 0, 0, 0.1); --bs-table-hover-color: #212529; --bs-table-hover-bg: rgba(0, 0, 0, 0.075); width: 718.4px; color: rgb(93, 93, 93); vertical-align: top; border-color: rgb(222, 226, 230); font-size: 15px;\\\"><tbody style=\\\"border-style: solid; border-width: 1px; vertical-align: inherit;\\\"><tr style=\\\"border: 1px solid rgba(240, 240, 240, 0.94);\\\"><td class=\\\"td1\\\" style=\\\"border: 0px; width: 179.4px; background-color: rgba(226, 226, 226, 0.13); box-shadow: inset 0 0 0 9999px var(--bs-table-accent-bg); padding: 7px 10px !important;\\\">Name</td><td class=\\\"td2\\\" style=\\\"border: 0px; width: 538.2px; background-color: var(--bs-table-bg); box-shadow: inset 0 0 0 9999px var(--bs-table-accent-bg); padding: 7px 10px !important;\\\">Samsung Galaxy S21 Ultra</td></tr><tr style=\\\"border: 1px solid rgba(240, 240, 240, 0.94);\\\"><td class=\\\"td1\\\" style=\\\"border: 0px; width: 179.4px; background-color: rgba(226, 226, 226, 0.13); box-shadow: inset 0 0 0 9999px var(--bs-table-accent-bg); padding: 7px 10px !important;\\\">Official Price</td><td class=\\\"td2\\\" style=\\\"border: 0px; width: 538.2px; background-color: var(--bs-table-bg); box-shadow: inset 0 0 0 9999px var(--bs-table-accent-bg); padding: 7px 10px !important;\\\">BDT. 146,999</td></tr><tr style=\\\"border: 1px solid rgba(240, 240, 240, 0.94);\\\"><td class=\\\"td1\\\" style=\\\"border: 0px; width: 179.4px; background-color: rgba(226, 226, 226, 0.13); box-shadow: inset 0 0 0 9999px var(--bs-table-accent-bg); padding: 7px 10px !important;\\\">Release Date</td><td class=\\\"td2\\\" style=\\\"border: 0px; width: 538.2px; background-color: var(--bs-table-bg); box-shadow: inset 0 0 0 9999px var(--bs-table-accent-bg); padding: 7px 10px !important;\\\">29-Jan-2021</td></tr><tr style=\\\"border: 1px solid rgba(240, 240, 240, 0.94);\\\"><td class=\\\"td1\\\" style=\\\"border: 0px; width: 179.4px; background-color: rgba(226, 226, 226, 0.13); box-shadow: inset 0 0 0 9999px var(--bs-table-accent-bg); padding: 7px 10px !important;\\\">Market Status</td><td class=\\\"td2\\\" style=\\\"border: 0px; width: 538.2px; background-color: var(--bs-table-bg); box-shadow: inset 0 0 0 9999px var(--bs-table-accent-bg); padding: 7px 10px !important;\\\">In Stock</td></tr><tr style=\\\"border: 1px solid rgba(240, 240, 240, 0.94);\\\"><td class=\\\"td1\\\" style=\\\"border: 0px; width: 179.4px; background-color: rgba(226, 226, 226, 0.13); box-shadow: inset 0 0 0 9999px var(--bs-table-accent-bg); padding: 7px 10px !important;\\\">Variant</td><td class=\\\"td2\\\" style=\\\"border: 0px; width: 538.2px; background-color: var(--bs-table-bg); box-shadow: inset 0 0 0 9999px var(--bs-table-accent-bg); padding: 7px 10px !important;\\\">RAM: 12GB + ROM: 256GB</td></tr></tbody></table></div></div></td></tr></tbody></table></div><div class=\\\"col-md-10\\\" style=\\\"flex-basis: auto; width: 618.662px; max-width: 100%; padding-right: calc(var(--bs-gutter-x) * 0.5); padding-left: calc(var(--bs-gutter-x) * 0.5); margin-top: var(--bs-gutter-y);\\\"><br></div></div></div></div></div></section>', 1, '2025-01-03 10:05:25'),
(3, 1, 2, 2, 'iPhone Pro Max 12 Case Cover', '<div style=\\\"text-align: justify;\\\"><font face=\\\"Lato, Arial, Helvetica, sans-serif\\\">Trendy Ultra Hybrid Zero One (MagFit) Applicable Case for iPhone 12 / 12 Pro / 12</font></div>', 1, '2025-01-03 10:15:25'),
(4, 1, 1, 6, 'iPhone 13 pro max', '<section class=\\\"desc-box mt-2\\\" id=\\\"product-specs\\\" style=\\\"color: rgb(98, 98, 98); font-family: Roboto, sans-serif; font-size: 16px; background-color: rgb(242, 243, 245);\\\"><div class=\\\"header bg-white border border-bottom-0 p-2\\\" style=\\\"--bs-bg-opacity: 1; border-top-color: rgba(222, 226, 230, 0.62) !important; border-right-color: rgba(222, 226, 230, 0.62) !important; border-left-color: rgba(222, 226, 230, 0.62) !important; background-color: rgba(var(--bs-white-rgb), var(--bs-bg-opacity)) !important;\\\"><h2 class=\\\"foswald mb-0 h6\\\" style=\\\"font-family: Oswald, sans-serif !important;\\\">Apple iPhone 13 Pro Max Full Specifications</h2></div><div class=\\\"product-specs-tbl border shadow-sm cbg-white p-2\\\" style=\\\"border-color: rgba(222, 226, 230, 0.62) !important; background-color: rgba(255, 255, 255, 0.85) !important;\\\"><div class=\\\"specs-tbl-wrapper position-relative\\\"><div class=\\\"readall-hide\\\"><div class=\\\"row mb-2 pb-2 border-bottom\\\" style=\\\"--bs-gutter-x: 1.5rem; --bs-gutter-y: 0; margin-top: calc(-1 * var(--bs-gutter-y)); margin-right: calc(-0.5 * var(--bs-gutter-x)); margin-left: calc(-0.5 * var(--bs-gutter-x));\\\"><div class=\\\"col-md-2 col-12 d-flex d-md-block flex-row d-md-column text-center\\\" style=\\\"flex-basis: auto; width: 123.725px; max-width: 100%; padding-right: calc(var(--bs-gutter-x) * 0.5); padding-left: calc(var(--bs-gutter-x) * 0.5); margin-top: var(--bs-gutter-y);\\\"><h3 class=\\\"text-bold h6 col-11 col-md-12 d-flex align-items-center justify-content-md-center tcdb px-2\\\" style=\\\"flex-basis: auto; width: 99.725px; color: rgb(60, 106, 173) !important;\\\">General</h3></div><div class=\\\"col-md-10\\\" style=\\\"flex-basis: auto; width: 618.662px; max-width: 100%; padding-right: calc(var(--bs-gutter-x) * 0.5); padding-left: calc(var(--bs-gutter-x) * 0.5); margin-top: var(--bs-gutter-y);\\\"><table class=\\\"spec-grp-tbl\\\" style=\\\"caption-side: bottom; width: 594.662px; color: rgb(93, 93, 93); font-size: 15px;\\\"><tbody style=\\\"border-style: solid; border-width: 0px;\\\"><tr style=\\\"border: 1px solid rgba(240, 240, 240, 0.94);\\\"><td class=\\\"td1 ss\\\" style=\\\"border: 0px; width: 148.462px; background-color: rgba(226, 226, 226, 0.13); padding: 7px 10px !important;\\\">Brand</td><td class=\\\"td2 ss\\\" style=\\\"border: 0px; width: 445.4px; padding: 7px 10px !important;\\\">Apple</td></tr><tr style=\\\"border: 1px solid rgba(240, 240, 240, 0.94);\\\"><td class=\\\"td1 ss\\\" style=\\\"border: 0px; width: 148.462px; background-color: rgba(226, 226, 226, 0.13); padding: 7px 10px !important;\\\">Model</td><td class=\\\"td2 ss\\\" style=\\\"border: 0px; width: 445.4px; padding: 7px 10px !important;\\\">iPhone 13 Pro Max</td></tr><tr style=\\\"border: 1px solid rgba(240, 240, 240, 0.94);\\\"><td class=\\\"td1 ss\\\" style=\\\"border: 0px; width: 148.462px; background-color: rgba(226, 226, 226, 0.13); padding: 7px 10px !important;\\\">Device Type</td><td class=\\\"td2 ss\\\" style=\\\"border: 0px; width: 445.4px; padding: 7px 10px !important;\\\">Smartphone</td></tr><tr style=\\\"border: 1px solid rgba(240, 240, 240, 0.94);\\\"><td class=\\\"td1 ss\\\" style=\\\"border: 0px; width: 148.462px; background-color: rgba(226, 226, 226, 0.13); padding: 7px 10px !important;\\\">Release Date</td><td class=\\\"td2 ss\\\" style=\\\"border: 0px; width: 445.4px; padding: 7px 10px !important;\\\">24 September 2021</td></tr><tr style=\\\"border: 1px solid rgba(240, 240, 240, 0.94);\\\"><td class=\\\"td1\\\" style=\\\"border: 0px; width: 148.462px; background-color: rgba(226, 226, 226, 0.13); padding: 7px 10px !important;\\\">Status</td><td class=\\\"td2\\\" style=\\\"border: 0px; width: 445.4px; padding: 7px 10px !important;\\\"><svg xmlns=\\\"http://www.w3.org/2000/svg\\\" width=\\\"16\\\" height=\\\"16\\\" fill=\\\"currentColor\\\" class=\\\"bi bi-check-circle-fill text-success\\\" viewBox=\\\"0 0 16 16\\\"><path d=\\\"M16 8A8 8 0 1 1 0 8a8 8 0 0 1 16 0zm-3.97-3.03a.75.75 0 0 0-1.08.022L7.477 9.417 5.384 7.323a.75.75 0 0 0-1.06 1.06L6.97 11.03a.75.75 0 0 0 1.079-.02l3.992-4.99a.75.75 0 0 0-.01-1.05z\\\"></path></svg>&nbsp;Available</td></tr></tbody></table></div></div><div class=\\\"row mb-2 pb-2 border-bottom\\\" style=\\\"--bs-gutter-x: 1.5rem; --bs-gutter-y: 0; margin-top: calc(-1 * var(--bs-gutter-y)); margin-right: calc(-0.5 * var(--bs-gutter-x)); margin-left: calc(-0.5 * var(--bs-gutter-x));\\\"></div></div></div></div></section><section class=\\\"desc-box product-spec-variant border mt-2\\\" style=\\\"color: rgb(98, 98, 98); font-family: Roboto, sans-serif; font-size: 16px; background-color: rgb(242, 243, 245); border-color: rgba(222, 226, 230, 0.62) !important;\\\"><div class=\\\"header bg-white border-bottom p-2\\\" style=\\\"--bs-bg-opacity: 1; background-color: rgba(var(--bs-white-rgb), var(--bs-bg-opacity)) !important;\\\"><h2 class=\\\"foswald mb-0 h6 foswald\\\" style=\\\"font-family: Oswald, sans-serif !important;\\\">Apple iPhone 13 Pro Max Price in Bangladesh 2024 &amp; Release Date</h2></div><div class=\\\"product-specs-tbl cbg-white p-2\\\" style=\\\"background-color: rgba(255, 255, 255, 0.85) !important;\\\"><div class=\\\"specs-group\\\" style=\\\"border-radius: 5px; overflow: hidden;\\\"><table class=\\\"table m-0\\\" style=\\\"caption-side: bottom; --bs-table-bg: transparent; --bs-table-accent-bg: transparent; --bs-table-striped-color: #212529; --bs-table-striped-bg: rgba(0, 0, 0, 0.05); --bs-table-active-color: #212529; --bs-table-active-bg: rgba(0, 0, 0, 0.1); --bs-table-hover-color: #212529; --bs-table-hover-bg: rgba(0, 0, 0, 0.075); width: 718.4px; color: rgb(93, 93, 93); vertical-align: top; border-color: rgb(222, 226, 230); font-size: 15px;\\\"><tbody style=\\\"border-style: solid; border-width: 1px; vertical-align: inherit;\\\"><tr style=\\\"border: 1px solid rgba(240, 240, 240, 0.94);\\\"><td class=\\\"td1\\\" style=\\\"border: 0px; width: 179.4px; background-color: rgba(226, 226, 226, 0.13); box-shadow: inset 0 0 0 9999px var(--bs-table-accent-bg); padding: 7px 10px !important;\\\">Name</td><td class=\\\"td2\\\" style=\\\"border: 0px; width: 538.2px; background-color: var(--bs-table-bg); box-shadow: inset 0 0 0 9999px var(--bs-table-accent-bg); padding: 7px 10px !important;\\\">Apple iPhone 13 Pro Max</td></tr><tr style=\\\"border: 1px solid rgba(240, 240, 240, 0.94);\\\"><td class=\\\"td1\\\" style=\\\"border: 0px; width: 179.4px; background-color: rgba(226, 226, 226, 0.13); box-shadow: inset 0 0 0 9999px var(--bs-table-accent-bg); padding: 7px 10px !important;\\\">Official Price</td><td class=\\\"td2\\\" style=\\\"border: 0px; width: 538.2px; background-color: var(--bs-table-bg); box-shadow: inset 0 0 0 9999px var(--bs-table-accent-bg); padding: 7px 10px !important;\\\">BDT. 162,999</td></tr><tr style=\\\"border: 1px solid rgba(240, 240, 240, 0.94);\\\"><td class=\\\"td1\\\" style=\\\"border: 0px; width: 179.4px; background-color: rgba(226, 226, 226, 0.13); box-shadow: inset 0 0 0 9999px var(--bs-table-accent-bg); padding: 7px 10px !important;\\\">Unofficial Price</td><td class=\\\"td2\\\" style=\\\"border: 0px; width: 538.2px; background-color: var(--bs-table-bg); box-shadow: inset 0 0 0 9999px var(--bs-table-accent-bg); padding: 7px 10px !important;\\\">BDT. 149,000</td></tr><tr style=\\\"border: 1px solid rgba(240, 240, 240, 0.94);\\\"><td class=\\\"td1\\\" style=\\\"border: 0px; width: 179.4px; background-color: rgba(226, 226, 226, 0.13); box-shadow: inset 0 0 0 9999px var(--bs-table-accent-bg); padding: 7px 10px !important;\\\">Release Date</td><td class=\\\"td2\\\" style=\\\"border: 0px; width: 538.2px; background-color: var(--bs-table-bg); box-shadow: inset 0 0 0 9999px var(--bs-table-accent-bg); padding: 7px 10px !important;\\\">24-Sep-2021</td></tr><tr style=\\\"border: 1px solid rgba(240, 240, 240, 0.94);\\\"><td class=\\\"td1\\\" style=\\\"border: 0px; width: 179.4px; background-color: rgba(226, 226, 226, 0.13); box-shadow: inset 0 0 0 9999px var(--bs-table-accent-bg); padding: 7px 10px !important;\\\">Market Status</td><td class=\\\"td2\\\" style=\\\"border: 0px; width: 538.2px; background-color: var(--bs-table-bg); box-shadow: inset 0 0 0 9999px var(--bs-table-accent-bg); padding: 7px 10px !important;\\\">In Stock</td></tr><tr style=\\\"border: 1px solid rgba(240, 240, 240, 0.94);\\\"><td class=\\\"td1\\\" style=\\\"border: 0px; width: 179.4px; background-color: rgba(226, 226, 226, 0.13); box-shadow: inset 0 0 0 9999px var(--bs-table-accent-bg); padding: 7px 10px !important;\\\">Variant</td><td class=\\\"td2\\\" style=\\\"border: 0px; width: 538.2px; background-color: var(--bs-table-bg); box-shadow: inset 0 0 0 9999px var(--bs-table-accent-bg); padding: 7px 10px !important;\\\">RAM: 6GB + ROM: 128GB</td></tr></tbody></table></div></div></section>', 1, '2025-01-28 17:35:19'),
(5, 1, 1, 6, 'iPhone 14 Pro max', '<section class=\\\"desc-box mt-2\\\" id=\\\"product-specs\\\" style=\\\"color: rgb(98, 98, 98); font-family: Roboto, sans-serif; font-size: 16px; background-color: rgb(242, 243, 245);\\\"><div class=\\\"header bg-white border border-bottom-0 p-2\\\" style=\\\"--bs-bg-opacity: 1; border-top-color: rgba(222, 226, 230, 0.62) !important; border-right-color: rgba(222, 226, 230, 0.62) !important; border-left-color: rgba(222, 226, 230, 0.62) !important; background-color: rgba(var(--bs-white-rgb), var(--bs-bg-opacity)) !important;\\\"><h2 class=\\\"foswald mb-0 h6\\\" style=\\\"font-family: Oswald, sans-serif !important;\\\">Apple iPhone 14 Pro Max Full Specifications</h2></div><div class=\\\"product-specs-tbl border shadow-sm cbg-white p-2\\\" style=\\\"border-color: rgba(222, 226, 230, 0.62) !important; background-color: rgba(255, 255, 255, 0.85) !important;\\\"><div class=\\\"specs-tbl-wrapper position-relative\\\"><div class=\\\"readall-hide\\\"><div class=\\\"row mb-2 pb-2 border-bottom\\\" style=\\\"--bs-gutter-x: 1.5rem; --bs-gutter-y: 0; margin-top: calc(-1 * var(--bs-gutter-y)); margin-right: calc(-0.5 * var(--bs-gutter-x)); margin-left: calc(-0.5 * var(--bs-gutter-x));\\\"><div class=\\\"col-md-2 col-12 d-flex d-md-block flex-row d-md-column text-center\\\" style=\\\"flex-basis: auto; width: 123.725px; max-width: 100%; padding-right: calc(var(--bs-gutter-x) * 0.5); padding-left: calc(var(--bs-gutter-x) * 0.5); margin-top: var(--bs-gutter-y);\\\"><h3 class=\\\"text-bold h6 col-11 col-md-12 d-flex align-items-center justify-content-md-center tcdb px-2\\\" style=\\\"flex-basis: auto; width: 99.725px; color: rgb(60, 106, 173) !important;\\\">General</h3></div><div class=\\\"col-md-10\\\" style=\\\"flex-basis: auto; width: 618.662px; max-width: 100%; padding-right: calc(var(--bs-gutter-x) * 0.5); padding-left: calc(var(--bs-gutter-x) * 0.5); margin-top: var(--bs-gutter-y);\\\"><table class=\\\"spec-grp-tbl\\\" style=\\\"caption-side: bottom; width: 594.662px; color: rgb(93, 93, 93); font-size: 15px;\\\"><tbody style=\\\"border-style: solid; border-width: 0px;\\\"><tr style=\\\"border: 1px solid rgba(240, 240, 240, 0.94);\\\"><td class=\\\"td1 ss\\\" style=\\\"border: 0px; width: 148.462px; background-color: rgba(226, 226, 226, 0.13); padding: 7px 10px !important;\\\">Brand</td><td class=\\\"td2 ss\\\" style=\\\"border: 0px; width: 445.4px; padding: 7px 10px !important;\\\">Apple</td></tr><tr style=\\\"border: 1px solid rgba(240, 240, 240, 0.94);\\\"><td class=\\\"td1 ss\\\" style=\\\"border: 0px; width: 148.462px; background-color: rgba(226, 226, 226, 0.13); padding: 7px 10px !important;\\\">Model</td><td class=\\\"td2 ss\\\" style=\\\"border: 0px; width: 445.4px; padding: 7px 10px !important;\\\">iPhone 14 Pro Max</td></tr><tr style=\\\"border: 1px solid rgba(240, 240, 240, 0.94);\\\"><td class=\\\"td1 ss\\\" style=\\\"border: 0px; width: 148.462px; background-color: rgba(226, 226, 226, 0.13); padding: 7px 10px !important;\\\">Device Type</td><td class=\\\"td2 ss\\\" style=\\\"border: 0px; width: 445.4px; padding: 7px 10px !important;\\\">Smartphone</td></tr><tr style=\\\"border: 1px solid rgba(240, 240, 240, 0.94);\\\"><td class=\\\"td1 ss\\\" style=\\\"border: 0px; width: 148.462px; background-color: rgba(226, 226, 226, 0.13); padding: 7px 10px !important;\\\">Release Date</td><td class=\\\"td2 ss\\\" style=\\\"border: 0px; width: 445.4px; padding: 7px 10px !important;\\\">16 September 2022</td></tr><tr style=\\\"border: 1px solid rgba(240, 240, 240, 0.94);\\\"><td class=\\\"td1\\\" style=\\\"border: 0px; width: 148.462px; background-color: rgba(226, 226, 226, 0.13); padding: 7px 10px !important;\\\">Status</td><td class=\\\"td2\\\" style=\\\"border: 0px; width: 445.4px; padding: 7px 10px !important;\\\"><svg xmlns=\\\"http://www.w3.org/2000/svg\\\" width=\\\"16\\\" height=\\\"16\\\" fill=\\\"currentColor\\\" class=\\\"bi bi-check-circle-fill text-success\\\" viewBox=\\\"0 0 16 16\\\"><path d=\\\"M16 8A8 8 0 1 1 0 8a8 8 0 0 1 16 0zm-3.97-3.03a.75.75 0 0 0-1.08.022L7.477 9.417 5.384 7.323a.75.75 0 0 0-1.06 1.06L6.97 11.03a.75.75 0 0 0 1.079-.02l3.992-4.99a.75.75 0 0 0-.01-1.05z\\\"></path></svg>&nbsp;Available</td></tr></tbody></table></div></div></div></div></div></section><section class=\\\"desc-box product-spec-variant border mt-2\\\" style=\\\"color: rgb(98, 98, 98); font-family: Roboto, sans-serif; font-size: 16px; background-color: rgb(242, 243, 245); border-color: rgba(222, 226, 230, 0.62) !important;\\\"><div class=\\\"header bg-white border-bottom p-2\\\" style=\\\"--bs-bg-opacity: 1; background-color: rgba(var(--bs-white-rgb), var(--bs-bg-opacity)) !important;\\\"><h2 class=\\\"foswald mb-0 h6 foswald\\\" style=\\\"font-family: Oswald, sans-serif !important;\\\">Apple iPhone 14 Pro Max Price in Bangladesh 2024 &amp; Release Date</h2></div><div class=\\\"product-specs-tbl cbg-white p-2\\\" style=\\\"background-color: rgba(255, 255, 255, 0.85) !important;\\\"><div class=\\\"specs-group\\\" style=\\\"border-radius: 5px; overflow: hidden;\\\"><table class=\\\"table m-0\\\" style=\\\"caption-side: bottom; --bs-table-bg: transparent; --bs-table-accent-bg: transparent; --bs-table-striped-color: #212529; --bs-table-striped-bg: rgba(0, 0, 0, 0.05); --bs-table-active-color: #212529; --bs-table-active-bg: rgba(0, 0, 0, 0.1); --bs-table-hover-color: #212529; --bs-table-hover-bg: rgba(0, 0, 0, 0.075); width: 718.4px; color: rgb(93, 93, 93); vertical-align: top; border-color: rgb(222, 226, 230); font-size: 15px;\\\"><tbody style=\\\"border-style: solid; border-width: 1px; vertical-align: inherit;\\\"><tr style=\\\"border: 1px solid rgba(240, 240, 240, 0.94);\\\"><td class=\\\"td1\\\" style=\\\"border: 0px; width: 179.4px; background-color: rgba(226, 226, 226, 0.13); box-shadow: inset 0 0 0 9999px var(--bs-table-accent-bg); padding: 7px 10px !important;\\\">Name</td><td class=\\\"td2\\\" style=\\\"border: 0px; width: 538.2px; background-color: var(--bs-table-bg); box-shadow: inset 0 0 0 9999px var(--bs-table-accent-bg); padding: 7px 10px !important;\\\">Apple iPhone 14 Pro Max</td></tr><tr style=\\\"border: 1px solid rgba(240, 240, 240, 0.94);\\\"><td class=\\\"td1\\\" style=\\\"border: 0px; width: 179.4px; background-color: rgba(226, 226, 226, 0.13); box-shadow: inset 0 0 0 9999px var(--bs-table-accent-bg); padding: 7px 10px !important;\\\">Official Price</td><td class=\\\"td2\\\" style=\\\"border: 0px; width: 538.2px; background-color: var(--bs-table-bg); box-shadow: inset 0 0 0 9999px var(--bs-table-accent-bg); padding: 7px 10px !important;\\\">BDT. 201,599</td></tr><tr style=\\\"border: 1px solid rgba(240, 240, 240, 0.94);\\\"><td class=\\\"td1\\\" style=\\\"border: 0px; width: 179.4px; background-color: rgba(226, 226, 226, 0.13); box-shadow: inset 0 0 0 9999px var(--bs-table-accent-bg); padding: 7px 10px !important;\\\">Unofficial Price</td><td class=\\\"td2\\\" style=\\\"border: 0px; width: 538.2px; background-color: var(--bs-table-bg); box-shadow: inset 0 0 0 9999px var(--bs-table-accent-bg); padding: 7px 10px !important;\\\">BDT. 127,999</td></tr><tr style=\\\"border: 1px solid rgba(240, 240, 240, 0.94);\\\"><td class=\\\"td1\\\" style=\\\"border: 0px; width: 179.4px; background-color: rgba(226, 226, 226, 0.13); box-shadow: inset 0 0 0 9999px var(--bs-table-accent-bg); padding: 7px 10px !important;\\\">Release Date</td><td class=\\\"td2\\\" style=\\\"border: 0px; width: 538.2px; background-color: var(--bs-table-bg); box-shadow: inset 0 0 0 9999px var(--bs-table-accent-bg); padding: 7px 10px !important;\\\">16-Sep-2022</td></tr><tr style=\\\"border: 1px solid rgba(240, 240, 240, 0.94);\\\"><td class=\\\"td1\\\" style=\\\"border: 0px; width: 179.4px; background-color: rgba(226, 226, 226, 0.13); box-shadow: inset 0 0 0 9999px var(--bs-table-accent-bg); padding: 7px 10px !important;\\\">Market Status</td><td class=\\\"td2\\\" style=\\\"border: 0px; width: 538.2px; background-color: var(--bs-table-bg); box-shadow: inset 0 0 0 9999px var(--bs-table-accent-bg); padding: 7px 10px !important;\\\">In Stock</td></tr><tr style=\\\"border: 1px solid rgba(240, 240, 240, 0.94);\\\"><td class=\\\"td1\\\" style=\\\"border: 0px; width: 179.4px; background-color: rgba(226, 226, 226, 0.13); box-shadow: inset 0 0 0 9999px var(--bs-table-accent-bg); padding: 7px 10px !important;\\\">Variant</td><td class=\\\"td2\\\" style=\\\"border: 0px; width: 538.2px; background-color: var(--bs-table-bg); box-shadow: inset 0 0 0 9999px var(--bs-table-accent-bg); padding: 7px 10px !important;\\\">RAM: 6GB + ROM: 128GB</td></tr></tbody></table></div></div></section>', 1, '2025-01-28 17:44:45'),
(6, 1, 1, 6, 'iPhone 15 Pro max', '<div class=\\\"header bg-white border-bottom p-2\\\" style=\\\"--bs-bg-opacity: 1; color: rgb(98, 98, 98); font-family: Roboto, sans-serif; font-size: 16px; background-color: rgba(var(--bs-white-rgb), var(--bs-bg-opacity)) !important;\\\"><h2 class=\\\"foswald mb-0 h6 foswald\\\" style=\\\"font-family: Oswald, sans-serif !important;\\\">Apple iPhone 15 Pro Max Price in Bangladesh 2024 & Release Date</h2></div><div class=\\\"product-specs-tbl cbg-white p-2\\\" style=\\\"color: rgb(98, 98, 98); font-family: Roboto, sans-serif; font-size: 16px; background-color: rgba(255, 255, 255, 0.85) !important;\\\"><div class=\\\"specs-group\\\" style=\\\"border-radius: 5px; overflow: hidden;\\\"><table class=\\\"table m-0\\\" style=\\\"caption-side: bottom; --bs-table-bg: transparent; --bs-table-accent-bg: transparent; --bs-table-striped-color: #212529; --bs-table-striped-bg: rgba(0, 0, 0, 0.05); --bs-table-active-color: #212529; --bs-table-active-bg: rgba(0, 0, 0, 0.1); --bs-table-hover-color: #212529; --bs-table-hover-bg: rgba(0, 0, 0, 0.075); width: 718.4px; color: rgb(93, 93, 93); vertical-align: top; border-color: rgb(222, 226, 230); font-size: 15px;\\\"><tbody style=\\\"border-style: solid; border-width: 1px; vertical-align: inherit;\\\"><tr style=\\\"border: 1px solid rgba(240, 240, 240, 0.94);\\\"><td class=\\\"td1\\\" style=\\\"border: 0px; width: 179.4px; background-color: rgba(226, 226, 226, 0.13); box-shadow: inset 0 0 0 9999px var(--bs-table-accent-bg); padding: 7px 10px !important;\\\">Name</td><td class=\\\"td2\\\" style=\\\"border: 0px; width: 538.2px; background-color: var(--bs-table-bg); box-shadow: inset 0 0 0 9999px var(--bs-table-accent-bg); padding: 7px 10px !important;\\\">Apple iPhone 15 Pro Max</td></tr><tr style=\\\"border: 1px solid rgba(240, 240, 240, 0.94);\\\"><td class=\\\"td1\\\" style=\\\"border: 0px; width: 179.4px; background-color: rgba(226, 226, 226, 0.13); box-shadow: inset 0 0 0 9999px var(--bs-table-accent-bg); padding: 7px 10px !important;\\\">Official Price</td><td class=\\\"td2\\\" style=\\\"border: 0px; width: 538.2px; background-color: var(--bs-table-bg); box-shadow: inset 0 0 0 9999px var(--bs-table-accent-bg); padding: 7px 10px !important;\\\">BDT. 190,999</td></tr><tr style=\\\"border: 1px solid rgba(240, 240, 240, 0.94);\\\"><td class=\\\"td1\\\" style=\\\"border: 0px; width: 179.4px; background-color: rgba(226, 226, 226, 0.13); box-shadow: inset 0 0 0 9999px var(--bs-table-accent-bg); padding: 7px 10px !important;\\\">Unofficial Price</td><td class=\\\"td2\\\" style=\\\"border: 0px; width: 538.2px; background-color: var(--bs-table-bg); box-shadow: inset 0 0 0 9999px var(--bs-table-accent-bg); padding: 7px 10px !important;\\\">BDT. 148,999</td></tr><tr style=\\\"border: 1px solid rgba(240, 240, 240, 0.94);\\\"><td class=\\\"td1\\\" style=\\\"border: 0px; width: 179.4px; background-color: rgba(226, 226, 226, 0.13); box-shadow: inset 0 0 0 9999px var(--bs-table-accent-bg); padding: 7px 10px !important;\\\">Release Date</td><td class=\\\"td2\\\" style=\\\"border: 0px; width: 538.2px; background-color: var(--bs-table-bg); box-shadow: inset 0 0 0 9999px var(--bs-table-accent-bg); padding: 7px 10px !important;\\\">22-Sep-2023</td></tr><tr style=\\\"border: 1px solid rgba(240, 240, 240, 0.94);\\\"><td class=\\\"td1\\\" style=\\\"border: 0px; width: 179.4px; background-color: rgba(226, 226, 226, 0.13); box-shadow: inset 0 0 0 9999px var(--bs-table-accent-bg); padding: 7px 10px !important;\\\">Market Status</td><td class=\\\"td2\\\" style=\\\"border: 0px; width: 538.2px; background-color: var(--bs-table-bg); box-shadow: inset 0 0 0 9999px var(--bs-table-accent-bg); padding: 7px 10px !important;\\\">In Stock</td></tr><tr style=\\\"border: 1px solid rgba(240, 240, 240, 0.94);\\\"><td class=\\\"td1\\\" style=\\\"border: 0px; width: 179.4px; background-color: rgba(226, 226, 226, 0.13); box-shadow: inset 0 0 0 9999px var(--bs-table-accent-bg); padding: 7px 10px !important;\\\">Variant</td><td class=\\\"td2\\\" style=\\\"border: 0px; width: 538.2px; background-color: var(--bs-table-bg); box-shadow: inset 0 0 0 9999px var(--bs-table-accent-bg); padding: 7px 10px !important;\\\">RAM: 8GB + ROM: 256GB</td></tr></tbody></table></div></div>', 1, '2025-01-28 17:51:54'),
(7, 1, 1, 6, 'iPhone 16 Pro max', '<div class=\\\"header bg-white border border-bottom-0 p-2\\\" style=\\\"--bs-bg-opacity: 1; color: rgb(98, 98, 98); font-family: Roboto, sans-serif; font-size: 16px; border-top-color: rgba(222, 226, 230, 0.62) !important; border-right-color: rgba(222, 226, 230, 0.62) !important; border-left-color: rgba(222, 226, 230, 0.62) !important; background-color: rgba(var(--bs-white-rgb), var(--bs-bg-opacity)) !important;\\\"><h2 class=\\\"foswald mb-0 h6\\\" style=\\\"font-family: Oswald, sans-serif !important;\\\">Apple iPhone 16 Pro Max Full Specifications</h2></div><div class=\\\"product-specs-tbl border shadow-sm cbg-white p-2\\\" style=\\\"color: rgb(98, 98, 98); font-family: Roboto, sans-serif; font-size: 16px; border-color: rgba(222, 226, 230, 0.62) !important; background-color: rgba(255, 255, 255, 0.85) !important;\\\"><div class=\\\"specs-tbl-wrapper position-relative\\\"><div class=\\\"readall-hide\\\"><div class=\\\"row mb-2 pb-2 border-bottom\\\" style=\\\"--bs-gutter-x: 1.5rem; --bs-gutter-y: 0; margin-top: calc(-1 * var(--bs-gutter-y)); margin-right: calc(-0.5 * var(--bs-gutter-x)); margin-left: calc(-0.5 * var(--bs-gutter-x));\\\"><div class=\\\"col-md-2 col-12 d-flex d-md-block flex-row d-md-column text-center\\\" style=\\\"flex-basis: auto; width: 123.725px; max-width: 100%; padding-right: calc(var(--bs-gutter-x) * 0.5); padding-left: calc(var(--bs-gutter-x) * 0.5); margin-top: var(--bs-gutter-y);\\\"><h3 class=\\\"text-bold h6 col-11 col-md-12 d-flex align-items-center justify-content-md-center tcdb px-2\\\" style=\\\"flex-basis: auto; width: 99.725px; color: rgb(60, 106, 173) !important;\\\">General</h3></div><div class=\\\"col-md-10\\\" style=\\\"flex-basis: auto; width: 618.662px; max-width: 100%; padding-right: calc(var(--bs-gutter-x) * 0.5); padding-left: calc(var(--bs-gutter-x) * 0.5); margin-top: var(--bs-gutter-y);\\\"><table class=\\\"spec-grp-tbl\\\" style=\\\"caption-side: bottom; width: 594.662px; color: rgb(93, 93, 93); font-size: 15px;\\\"><tbody style=\\\"border-style: solid; border-width: 0px;\\\"><tr style=\\\"border: 1px solid rgba(240, 240, 240, 0.94);\\\"><td class=\\\"td1 ss\\\" style=\\\"border: 0px; width: 148.462px; background-color: rgba(226, 226, 226, 0.13); padding: 7px 10px !important;\\\">Brand</td><td class=\\\"td2 ss\\\" style=\\\"border: 0px; width: 445.4px; padding: 7px 10px !important;\\\">Apple</td></tr><tr style=\\\"border: 1px solid rgba(240, 240, 240, 0.94);\\\"><td class=\\\"td1 ss\\\" style=\\\"border: 0px; width: 148.462px; background-color: rgba(226, 226, 226, 0.13); padding: 7px 10px !important;\\\">Model</td><td class=\\\"td2 ss\\\" style=\\\"border: 0px; width: 445.4px; padding: 7px 10px !important;\\\">iPhone 16 Pro Max</td></tr><tr style=\\\"border: 1px solid rgba(240, 240, 240, 0.94);\\\"><td class=\\\"td1 ss\\\" style=\\\"border: 0px; width: 148.462px; background-color: rgba(226, 226, 226, 0.13); padding: 7px 10px !important;\\\">Device Type</td><td class=\\\"td2 ss\\\" style=\\\"border: 0px; width: 445.4px; padding: 7px 10px !important;\\\">Smartphone</td></tr><tr style=\\\"border: 1px solid rgba(240, 240, 240, 0.94);\\\"><td class=\\\"td1 ss\\\" style=\\\"border: 0px; width: 148.462px; background-color: rgba(226, 226, 226, 0.13); padding: 7px 10px !important;\\\">Release Date</td><td class=\\\"td2 ss\\\" style=\\\"border: 0px; width: 445.4px; padding: 7px 10px !important;\\\">20 September 2024</td></tr><tr style=\\\"border: 1px solid rgba(240, 240, 240, 0.94);\\\"><td class=\\\"td1\\\" style=\\\"border: 0px; width: 148.462px; background-color: rgba(226, 226, 226, 0.13); padding: 7px 10px !important;\\\">Status</td><td class=\\\"td2\\\" style=\\\"border: 0px; width: 445.4px; padding: 7px 10px !important;\\\"><svg xmlns=\\\"http://www.w3.org/2000/svg\\\" width=\\\"16\\\" height=\\\"16\\\" fill=\\\"currentColor\\\" class=\\\"bi bi-check-circle-fill text-success\\\" viewBox=\\\"0 0 16 16\\\"><path d=\\\"M16 8A8 8 0 1 1 0 8a8 8 0 0 1 16 0zm-3.97-3.03a.75.75 0 0 0-1.08.022L7.477 9.417 5.384 7.323a.75.75 0 0 0-1.06 1.06L6.97 11.03a.75.75 0 0 0 1.079-.02l3.992-4.99a.75.75 0 0 0-.01-1.05z\\\"></path></svg> Available</td></tr></tbody></table></div><div class=\\\"col-md-10\\\" style=\\\"flex-basis: auto; width: 618.662px; max-width: 100%; padding-right: calc(var(--bs-gutter-x) * 0.5); padding-left: calc(var(--bs-gutter-x) * 0.5); margin-top: var(--bs-gutter-y);\\\"><table class=\\\"spec-grp-tbl\\\" style=\\\"caption-side: bottom; width: 594.662px; color: rgb(93, 93, 93); font-size: 15px;\\\"><tbody style=\\\"border-style: solid; border-width: 0px;\\\"><tr style=\\\"border: 1px solid rgba(240, 240, 240, 0.94);\\\"><td class=\\\"td2\\\" style=\\\"border: 0px; width: 445.4px; padding: 7px 10px !important;\\\"><div class=\\\"header bg-white border-bottom p-2\\\" style=\\\"--bs-bg-opacity: 1; color: rgb(98, 98, 98); font-size: 16px; background-color: rgba(var(--bs-white-rgb), var(--bs-bg-opacity)) !important;\\\"><h2 class=\\\"foswald mb-0 h6 foswald\\\" style=\\\"font-family: Oswald, sans-serif !important;\\\">Apple iPhone 16 Pro Max Price in Bangladesh 2024 & Release Date</h2></div><div class=\\\"product-specs-tbl cbg-white p-2\\\" style=\\\"color: rgb(98, 98, 98); font-size: 16px;\\\"><div class=\\\"specs-group\\\" style=\\\"border-radius: 5px; overflow: hidden;\\\"><table class=\\\"table m-0\\\" style=\\\"caption-side: bottom; --bs-table-bg: transparent; --bs-table-accent-bg: transparent; --bs-table-striped-color: #212529; --bs-table-striped-bg: rgba(0, 0, 0, 0.05); --bs-table-active-color: #212529; --bs-table-active-bg: rgba(0, 0, 0, 0.1); --bs-table-hover-color: #212529; --bs-table-hover-bg: rgba(0, 0, 0, 0.075); width: 718.4px; color: rgb(93, 93, 93); vertical-align: top; border-color: rgb(222, 226, 230); font-size: 15px;\\\"><tbody style=\\\"border-style: solid; border-width: 1px; vertical-align: inherit;\\\"><tr style=\\\"border: 1px solid rgba(240, 240, 240, 0.94);\\\"><td class=\\\"td1\\\" style=\\\"border: 0px; width: 179.4px; background-color: rgba(226, 226, 226, 0.13); box-shadow: inset 0 0 0 9999px var(--bs-table-accent-bg); padding: 7px 10px !important;\\\">Name</td><td class=\\\"td2\\\" style=\\\"border: 0px; width: 538.2px; background-color: var(--bs-table-bg); box-shadow: inset 0 0 0 9999px var(--bs-table-accent-bg); padding: 7px 10px !important;\\\">Apple iPhone 16 Pro Max</td></tr><tr style=\\\"border: 1px solid rgba(240, 240, 240, 0.94);\\\"><td class=\\\"td1\\\" style=\\\"border: 0px; width: 179.4px; background-color: rgba(226, 226, 226, 0.13); box-shadow: inset 0 0 0 9999px var(--bs-table-accent-bg); padding: 7px 10px !important;\\\">Official Price</td><td class=\\\"td2\\\" style=\\\"border: 0px; width: 538.2px; background-color: var(--bs-table-bg); box-shadow: inset 0 0 0 9999px var(--bs-table-accent-bg); padding: 7px 10px !important;\\\">BDT. 226,999</td></tr><tr style=\\\"border: 1px solid rgba(240, 240, 240, 0.94);\\\"><td class=\\\"td1\\\" style=\\\"border: 0px; width: 179.4px; background-color: rgba(226, 226, 226, 0.13); box-shadow: inset 0 0 0 9999px var(--bs-table-accent-bg); padding: 7px 10px !important;\\\">Unofficial Price</td><td class=\\\"td2\\\" style=\\\"border: 0px; width: 538.2px; background-color: var(--bs-table-bg); box-shadow: inset 0 0 0 9999px var(--bs-table-accent-bg); padding: 7px 10px !important;\\\">BDT. 163,999</td></tr><tr style=\\\"border: 1px solid rgba(240, 240, 240, 0.94);\\\"><td class=\\\"td1\\\" style=\\\"border: 0px; width: 179.4px; background-color: rgba(226, 226, 226, 0.13); box-shadow: inset 0 0 0 9999px var(--bs-table-accent-bg); padding: 7px 10px !important;\\\">Release Date</td><td class=\\\"td2\\\" style=\\\"border: 0px; width: 538.2px; background-color: var(--bs-table-bg); box-shadow: inset 0 0 0 9999px var(--bs-table-accent-bg); padding: 7px 10px !important;\\\">20-Sep-2024</td></tr><tr style=\\\"border: 1px solid rgba(240, 240, 240, 0.94);\\\"><td class=\\\"td1\\\" style=\\\"border: 0px; width: 179.4px; background-color: rgba(226, 226, 226, 0.13); box-shadow: inset 0 0 0 9999px var(--bs-table-accent-bg); padding: 7px 10px !important;\\\">Market Status</td><td class=\\\"td2\\\" style=\\\"border: 0px; width: 538.2px; background-color: var(--bs-table-bg); box-shadow: inset 0 0 0 9999px var(--bs-table-accent-bg); padding: 7px 10px !important;\\\">In Stock</td></tr><tr style=\\\"border: 1px solid rgba(240, 240, 240, 0.94);\\\"><td class=\\\"td1\\\" style=\\\"border: 0px; width: 179.4px; background-color: rgba(226, 226, 226, 0.13); box-shadow: inset 0 0 0 9999px var(--bs-table-accent-bg); padding: 7px 10px !important;\\\">Variant</td><td class=\\\"td2\\\" style=\\\"border: 0px; width: 538.2px; background-color: var(--bs-table-bg); box-shadow: inset 0 0 0 9999px var(--bs-table-accent-bg); padding: 7px 10px !important;\\\">RAM: 8GB + ROM: 256GB</td></tr></tbody></table></div></div></td></tr></tbody></table></div></div></div></div></div>', 1, '2025-01-28 18:03:38');
INSERT INTO `products` (`id`, `brand_id`, `category_id`, `sub_category_id`, `name`, `specs`, `status`, `date_created`) VALUES
(8, 1, 1, 6, 'iPhone 11 Pro max', '<div class=\\\"header bg-white border border-bottom-0 p-2\\\" style=\\\"--bs-bg-opacity: 1; color: rgb(98, 98, 98); font-family: Roboto, sans-serif; font-size: 16px; border-top-color: rgba(222, 226, 230, 0.62) !important; border-right-color: rgba(222, 226, 230, 0.62) !important; border-left-color: rgba(222, 226, 230, 0.62) !important; background-color: rgba(var(--bs-white-rgb), var(--bs-bg-opacity)) !important;\\\"><h2 class=\\\"foswald mb-0 h6\\\" style=\\\"font-family: Oswald, sans-serif !important;\\\">Apple iPhone 11 Pro Max Full Specifications</h2></div><div class=\\\"product-specs-tbl border shadow-sm cbg-white p-2\\\" style=\\\"color: rgb(98, 98, 98); font-family: Roboto, sans-serif; font-size: 16px; border-color: rgba(222, 226, 230, 0.62) !important; background-color: rgba(255, 255, 255, 0.85) !important;\\\"><div class=\\\"specs-tbl-wrapper position-relative\\\"><div class=\\\"readall-hide\\\"><div class=\\\"row mb-2 pb-2 border-bottom\\\" style=\\\"--bs-gutter-x: 1.5rem; --bs-gutter-y: 0; margin-top: calc(-1 * var(--bs-gutter-y)); margin-right: calc(-0.5 * var(--bs-gutter-x)); margin-left: calc(-0.5 * var(--bs-gutter-x));\\\"><div class=\\\"col-md-2 col-12 d-flex d-md-block flex-row d-md-column text-center\\\" style=\\\"flex-basis: auto; width: 123.725px; max-width: 100%; padding-right: calc(var(--bs-gutter-x) * 0.5); padding-left: calc(var(--bs-gutter-x) * 0.5); margin-top: var(--bs-gutter-y);\\\"><h3 class=\\\"text-bold h6 col-11 col-md-12 d-flex align-items-center justify-content-md-center tcdb px-2\\\" style=\\\"flex-basis: auto; width: 99.725px; color: rgb(60, 106, 173) !important;\\\">General</h3></div><div class=\\\"col-md-10\\\" style=\\\"flex-basis: auto; width: 618.662px; max-width: 100%; padding-right: calc(var(--bs-gutter-x) * 0.5); padding-left: calc(var(--bs-gutter-x) * 0.5); margin-top: var(--bs-gutter-y);\\\"><table class=\\\"spec-grp-tbl\\\" style=\\\"caption-side: bottom; width: 594.662px; color: rgb(93, 93, 93); font-size: 15px;\\\"><tbody style=\\\"border-style: solid; border-width: 0px;\\\"><tr style=\\\"border: 1px solid rgba(240, 240, 240, 0.94);\\\"><td class=\\\"td1 ss\\\" style=\\\"border: 0px; width: 148.462px; background-color: rgba(226, 226, 226, 0.13); padding: 7px 10px !important;\\\">Brand</td><td class=\\\"td2 ss\\\" style=\\\"border: 0px; width: 445.4px; padding: 7px 10px !important;\\\">Apple</td></tr><tr style=\\\"border: 1px solid rgba(240, 240, 240, 0.94);\\\"><td class=\\\"td1 ss\\\" style=\\\"border: 0px; width: 148.462px; background-color: rgba(226, 226, 226, 0.13); padding: 7px 10px !important;\\\">Model</td><td class=\\\"td2 ss\\\" style=\\\"border: 0px; width: 445.4px; padding: 7px 10px !important;\\\">iPhone 11 Pro Max</td></tr><tr style=\\\"border: 1px solid rgba(240, 240, 240, 0.94);\\\"><td class=\\\"td1 ss\\\" style=\\\"border: 0px; width: 148.462px; background-color: rgba(226, 226, 226, 0.13); padding: 7px 10px !important;\\\">Device Type</td><td class=\\\"td2 ss\\\" style=\\\"border: 0px; width: 445.4px; padding: 7px 10px !important;\\\">Smartphone</td></tr><tr style=\\\"border: 1px solid rgba(240, 240, 240, 0.94);\\\"><td class=\\\"td1 ss\\\" style=\\\"border: 0px; width: 148.462px; background-color: rgba(226, 226, 226, 0.13); padding: 7px 10px !important;\\\">Release Date</td><td class=\\\"td2 ss\\\" style=\\\"border: 0px; width: 445.4px; padding: 7px 10px !important;\\\">20 September 2019</td></tr><tr style=\\\"border: 1px solid rgba(240, 240, 240, 0.94);\\\"><td class=\\\"td1\\\" style=\\\"border: 0px; width: 148.462px; background-color: rgba(226, 226, 226, 0.13); padding: 7px 10px !important;\\\">Status</td><td class=\\\"td2\\\" style=\\\"border: 0px; width: 445.4px; padding: 7px 10px !important;\\\"><svg xmlns=\\\"http://www.w3.org/2000/svg\\\" width=\\\"16\\\" height=\\\"16\\\" fill=\\\"currentColor\\\" class=\\\"bi bi-check-circle-fill text-success\\\" viewBox=\\\"0 0 16 16\\\"><path d=\\\"M16 8A8 8 0 1 1 0 8a8 8 0 0 1 16 0zm-3.97-3.03a.75.75 0 0 0-1.08.022L7.477 9.417 5.384 7.323a.75.75 0 0 0-1.06 1.06L6.97 11.03a.75.75 0 0 0 1.079-.02l3.992-4.99a.75.75 0 0 0-.01-1.05z\\\"></path></svg> Available</td></tr></tbody></table></div><div class=\\\"col-md-10\\\" style=\\\"flex-basis: auto; width: 618.662px; max-width: 100%; padding-right: calc(var(--bs-gutter-x) * 0.5); padding-left: calc(var(--bs-gutter-x) * 0.5); margin-top: var(--bs-gutter-y);\\\"><table class=\\\"spec-grp-tbl\\\" style=\\\"caption-side: bottom; width: 594.662px; color: rgb(93, 93, 93); font-size: 15px;\\\"><tbody style=\\\"border-style: solid; border-width: 0px;\\\"><tr style=\\\"border: 1px solid rgba(240, 240, 240, 0.94);\\\"><td class=\\\"td2\\\" style=\\\"border: 0px; width: 445.4px; padding: 7px 10px !important;\\\"><div class=\\\"header bg-white border-bottom p-2\\\" style=\\\"--bs-bg-opacity: 1; color: rgb(98, 98, 98); font-size: 16px; background-color: rgba(var(--bs-white-rgb), var(--bs-bg-opacity)) !important;\\\"><h2 class=\\\"foswald mb-0 h6 foswald\\\" style=\\\"font-family: Oswald, sans-serif !important;\\\">Apple iPhone 11 Pro Max Price in Bangladesh 2024 & Release Date</h2></div><div class=\\\"product-specs-tbl cbg-white p-2\\\" style=\\\"color: rgb(98, 98, 98); font-size: 16px;\\\"><div class=\\\"specs-group\\\" style=\\\"border-radius: 5px; overflow: hidden;\\\"><table class=\\\"table m-0\\\" style=\\\"caption-side: bottom; --bs-table-bg: transparent; --bs-table-accent-bg: transparent; --bs-table-striped-color: #212529; --bs-table-striped-bg: rgba(0, 0, 0, 0.05); --bs-table-active-color: #212529; --bs-table-active-bg: rgba(0, 0, 0, 0.1); --bs-table-hover-color: #212529; --bs-table-hover-bg: rgba(0, 0, 0, 0.075); width: 718.4px; color: rgb(93, 93, 93); vertical-align: top; border-color: rgb(222, 226, 230); font-size: 15px;\\\"><tbody style=\\\"border-style: solid; border-width: 1px; vertical-align: inherit;\\\"><tr style=\\\"border: 1px solid rgba(240, 240, 240, 0.94);\\\"><td class=\\\"td1\\\" style=\\\"border: 0px; width: 179.4px; background-color: rgba(226, 226, 226, 0.13); box-shadow: inset 0 0 0 9999px var(--bs-table-accent-bg); padding: 7px 10px !important;\\\">Name</td><td class=\\\"td2\\\" style=\\\"border: 0px; width: 538.2px; background-color: var(--bs-table-bg); box-shadow: inset 0 0 0 9999px var(--bs-table-accent-bg); padding: 7px 10px !important;\\\">Apple iPhone 11 Pro Max</td></tr><tr style=\\\"border: 1px solid rgba(240, 240, 240, 0.94);\\\"><td class=\\\"td1\\\" style=\\\"border: 0px; width: 179.4px; background-color: rgba(226, 226, 226, 0.13); box-shadow: inset 0 0 0 9999px var(--bs-table-accent-bg); padding: 7px 10px !important;\\\">Official Price</td><td class=\\\"td2\\\" style=\\\"border: 0px; width: 538.2px; background-color: var(--bs-table-bg); box-shadow: inset 0 0 0 9999px var(--bs-table-accent-bg); padding: 7px 10px !important;\\\">BDT. 139,999</td></tr><tr style=\\\"border: 1px solid rgba(240, 240, 240, 0.94);\\\"><td class=\\\"td1\\\" style=\\\"border: 0px; width: 179.4px; background-color: rgba(226, 226, 226, 0.13); box-shadow: inset 0 0 0 9999px var(--bs-table-accent-bg); padding: 7px 10px !important;\\\">Unofficial Price</td><td class=\\\"td2\\\" style=\\\"border: 0px; width: 538.2px; background-color: var(--bs-table-bg); box-shadow: inset 0 0 0 9999px var(--bs-table-accent-bg); padding: 7px 10px !important;\\\">BDT. 95,000</td></tr><tr style=\\\"border: 1px solid rgba(240, 240, 240, 0.94);\\\"><td class=\\\"td1\\\" style=\\\"border: 0px; width: 179.4px; background-color: rgba(226, 226, 226, 0.13); box-shadow: inset 0 0 0 9999px var(--bs-table-accent-bg); padding: 7px 10px !important;\\\">Release Date</td><td class=\\\"td2\\\" style=\\\"border: 0px; width: 538.2px; background-color: var(--bs-table-bg); box-shadow: inset 0 0 0 9999px var(--bs-table-accent-bg); padding: 7px 10px !important;\\\">20-Sep-2019</td></tr><tr style=\\\"border: 1px solid rgba(240, 240, 240, 0.94);\\\"><td class=\\\"td1\\\" style=\\\"border: 0px; width: 179.4px; background-color: rgba(226, 226, 226, 0.13); box-shadow: inset 0 0 0 9999px var(--bs-table-accent-bg); padding: 7px 10px !important;\\\">Market Status</td><td class=\\\"td2\\\" style=\\\"border: 0px; width: 538.2px; background-color: var(--bs-table-bg); box-shadow: inset 0 0 0 9999px var(--bs-table-accent-bg); padding: 7px 10px !important;\\\">In Stock</td></tr><tr style=\\\"border: 1px solid rgba(240, 240, 240, 0.94);\\\"><td class=\\\"td1\\\" style=\\\"border: 0px; width: 179.4px; background-color: rgba(226, 226, 226, 0.13); box-shadow: inset 0 0 0 9999px var(--bs-table-accent-bg); padding: 7px 10px !important;\\\">Variant</td><td class=\\\"td2\\\" style=\\\"border: 0px; width: 538.2px; background-color: var(--bs-table-bg); box-shadow: inset 0 0 0 9999px var(--bs-table-accent-bg); padding: 7px 10px !important;\\\">RAM: 6GB + ROM: 64GB</td></tr></tbody></table></div></div></td></tr></tbody></table></div></div></div></div></div>', 1, '2025-01-28 18:19:16'),
(9, 11, 1, 5, 'Honor X9B', '<div class=\\\"stream-item stream-item-in-post stream-item-in-post-2\\\" style=\\\"padding: 0px; margin: 20px 0px; list-style: none; border: 0px; outline: none; line-height: 1.5; text-align: center; position: relative; z-index: 2; color: rgb(44, 47, 52); font-family: -apple-system, BlinkMacSystemFont, \\\"Segoe UI\\\", Roboto, Oxygen, Oxygen-Sans, Ubuntu, Cantarell, \\\"Helvetica Neue\\\", \\\"Open Sans\\\", Arial, sans-serif;\\\"><span class=\\\"stream-title\\\" style=\\\"padding: 0px; margin: 0px 0px 3px; list-style: none; border: 0px; outline: none; line-height: 1.5; font-size: 11px; color: rgb(165, 165, 165); display: block;\\\"><h2 class=\\\"wp-block-heading\\\" id=\\\"h-honor-x9b-price-nbsp-in-bangladesh-nbsp-month-year\\\" style=\\\"padding: 0px; margin-right: 0px; margin-bottom: 0px; margin-left: 0px; list-style: none; border: 0px; outline: none; color: rgb(44, 47, 52); line-height: 1.5; font-weight: 600; font-size: var(--aps-h2-font); font-family: Poppins; text-align: start;\\\">Honor X9B Price in Bangladesh January 2025</h2><p style=\\\"padding: 0px; margin-right: 0px; margin-bottom: 20px; margin-left: 0px; list-style: none; border: 0px; outline: none; line-height: 1.5; color: rgb(44, 47, 52); font-size: 15px; text-align: start;\\\">The <span style=\\\"padding: 0px; margin: 0px; list-style: none; border: 0px; outline: none; font-weight: 600; line-height: 1.5;\\\">Honor X9B</span> is now available in one variant (256GB/12GB ROM/RAM). Now, Honor X9B’s Price is 39999 Taka in Bangladesh. X9B has a 5800mAh battery with 35W fast charging. This device runs Android 13 and is powered by the Qualcomm SM6450 Snapdragon 6 Gen 1 (4 nm) chipset.</p><figure class=\\\"wp-block-table is-style-stripes\\\" style=\\\"margin-bottom: 0px; padding: 0px; list-style: none; border-width: 0px 0px 1px; border-top-style: initial; border-right-style: initial; border-bottom-style: solid; border-left-style: initial; border-top-color: initial; border-right-color: initial; border-bottom-color: rgb(240, 240, 240); border-left-color: initial; border-image: initial; outline: none; overflow-x: auto; line-height: 1.5; border-collapse: inherit; border-spacing: 0px; color: rgb(44, 47, 52); font-size: 15px; text-align: start;\\\"><table class=\\\"has-fixed-layout\\\" style=\\\"padding: 0px; margin: 0px; list-style: none; border: 0px; outline: none; border-spacing: 0px; width: 813px; line-height: 1.5; table-layout: fixed;\\\"><tbody style=\\\"padding: 0px; margin: 0px; list-style: none; border: 0px; outline: none; line-height: 1.5;\\\"><tr style=\\\"padding: 0px; margin: 0px; list-style: none; border: 0px; outline: none; line-height: 1.5; background-color: rgb(240, 240, 240);\\\"><td style=\\\"padding: 0.5em; margin: 0px; list-style: none; border: 1px solid rgba(0, 0, 0, 0); outline: none; line-height: 1.5; word-break: break-word;\\\"><span style=\\\"padding: 0px; margin: 0px; list-style: none; border: 0px; outline: none; font-weight: 600; line-height: 1.5;\\\">Model</span></td><td style=\\\"padding: 0.5em; margin: 0px; list-style: none; border: 1px solid rgba(0, 0, 0, 0); outline: none; line-height: 1.5; word-break: break-word;\\\"><span style=\\\"padding: 0px; margin: 0px; list-style: none; border: 0px; outline: none; font-weight: 600; line-height: 1.5;\\\">Honor X9B</span></td></tr><tr style=\\\"padding: 0px; margin: 0px; list-style: none; border: 0px; outline: none; line-height: 1.5; background: none !important;\\\"><td style=\\\"padding: 0.5em; margin: 0px; list-style: none; border: 1px solid rgba(0, 0, 0, 0); outline: none; line-height: 1.5; word-break: break-word;\\\"><span style=\\\"padding: 0px; margin: 0px; list-style: none; border: 0px; outline: none; font-weight: 600; line-height: 1.5;\\\">Price</span></td><td style=\\\"padding: 0.5em; margin: 0px; list-style: none; border: 1px solid rgba(0, 0, 0, 0); outline: none; line-height: 1.5; word-break: break-word;\\\"><span style=\\\"padding: 0px; margin: 0px; list-style: none; border: 0px; outline: none; font-weight: 600; line-height: 1.5;\\\">BDT. 39,999</span></td></tr><tr style=\\\"padding: 0px; margin: 0px; list-style: none; border: 0px; outline: none; line-height: 1.5; background-color: rgb(240, 240, 240);\\\"><td style=\\\"padding: 0.5em; margin: 0px; list-style: none; border: 1px solid rgba(0, 0, 0, 0); outline: none; line-height: 1.5; word-break: break-word;\\\">Display</td><td style=\\\"padding: 0.5em; margin: 0px; list-style: none; border: 1px solid rgba(0, 0, 0, 0); outline: none; line-height: 1.5; word-break: break-word;\\\">6.78″ 1220×2652 pixels</td></tr><tr style=\\\"padding: 0px; margin: 0px; list-style: none; border: 0px; outline: none; line-height: 1.5; background: none !important;\\\"><td style=\\\"padding: 0.5em; margin: 0px; list-style: none; border: 1px solid rgba(0, 0, 0, 0); outline: none; line-height: 1.5; word-break: break-word;\\\">RAM</td><td style=\\\"padding: 0.5em; margin: 0px; list-style: none; border: 1px solid rgba(0, 0, 0, 0); outline: none; line-height: 1.5; word-break: break-word;\\\">12 GB</td></tr><tr style=\\\"padding: 0px; margin: 0px; list-style: none; border: 0px; outline: none; line-height: 1.5; background-color: rgb(240, 240, 240);\\\"><td style=\\\"padding: 0.5em; margin: 0px; list-style: none; border: 1px solid rgba(0, 0, 0, 0); outline: none; line-height: 1.5; word-break: break-word;\\\">ROM</td><td style=\\\"padding: 0.5em; margin: 0px; list-style: none; border: 1px solid rgba(0, 0, 0, 0); outline: none; line-height: 1.5; word-break: break-word;\\\">256 GB</td></tr><tr style=\\\"padding: 0px; margin: 0px; list-style: none; border: 0px; outline: none; line-height: 1.5; background: none !important;\\\"><td style=\\\"padding: 0.5em; margin: 0px; list-style: none; border: 1px solid rgba(0, 0, 0, 0); outline: none; line-height: 1.5; word-break: break-word;\\\">Released</td><td style=\\\"padding: 0.5em; margin: 0px; list-style: none; border: 1px solid rgba(0, 0, 0, 0); outline: none; line-height: 1.5; word-break: break-word;\\\">2023, October</td></tr></tbody></table></figure></span></div><div class=\\\"aps-tab-container\\\" style=\\\"padding: 0px; margin: 0px; list-style: none; border: 0px; outline: none; line-height: 1.5; float: left; width: 813px; color: rgb(44, 47, 52); font-family: -apple-system, BlinkMacSystemFont, \\\"Segoe UI\\\", Roboto, Oxygen, Oxygen-Sans, Ubuntu, Cantarell, \\\"Helvetica Neue\\\", \\\"Open Sans\\\", Arial, sans-serif;\\\"><div id=\\\"aps-specs\\\" class=\\\"aps-tab-content aps-flat-content\\\" style=\\\"padding: 0px; margin: 0px; list-style: none; border: 0px; outline: none; line-height: 1.5; float: left; width: 813px;\\\"><div class=\\\"aps-column content\\\" itemprop=\\\"description\\\" style=\\\"padding: 0px; margin: 0px; list-style: none; border: 0px; outline: none; line-height: 1.5; float: left; width: 813px; font-size: 15px;\\\"><figure class=\\\"wp-block-table is-style-stripes\\\" style=\\\"margin-bottom: 0px; padding: 0px; list-style: none; border-width: 0px 0px 1px; border-top-style: initial; border-right-style: initial; border-bottom-style: solid; border-left-style: initial; border-top-color: initial; border-right-color: initial; border-bottom-color: rgb(240, 240, 240); border-left-color: initial; border-image: initial; outline: none; overflow-x: auto; line-height: 1.5; background-color: initial; border-collapse: inherit; border-spacing: 0px;\\\"></figure></div></div></div>', 1, '2025-01-28 18:25:34'),
(10, 2, 1, 5, 'Huawei P30 Pro', '<div class=\\\"header bg-white border border-bottom-0 p-2\\\" style=\\\"--bs-bg-opacity: 1; color: rgb(98, 98, 98); font-family: Roboto, sans-serif; font-size: 16px; border-top-color: rgba(222, 226, 230, 0.62) !important; border-right-color: rgba(222, 226, 230, 0.62) !important; border-left-color: rgba(222, 226, 230, 0.62) !important; background-color: rgba(var(--bs-white-rgb), var(--bs-bg-opacity)) !important;\\\"><h2 class=\\\"foswald mb-0 h6\\\" style=\\\"box-sizing: border-box; margin-top: 0px; margin-bottom: 0px !important; font-weight: 500; line-height: 1.2; font-size: 1rem; font-family: Oswald, sans-serif !important;\\\">Huawei P30 Pro Full Specifications</h2><h2 class=\\\"foswald mb-0 h6\\\" style=\\\"font-family: Oswald, sans-serif !important;\\\"><section class=\\\"desc-box mt-2\\\" id=\\\"product-specs\\\" style=\\\"box-sizing: border-box; margin-top: 0.5rem !important; color: rgb(98, 98, 98); font-family: Roboto, sans-serif; font-size: 16px; font-style: normal; font-variant-ligatures: normal; font-variant-caps: normal; font-weight: 400; letter-spacing: normal; orphans: 2; text-align: start; text-indent: 0px; text-transform: none; widows: 2; word-spacing: 0px; -webkit-text-stroke-width: 0px; white-space: normal; background-color: rgb(242, 243, 245); text-decoration-thickness: initial; text-decoration-style: initial; text-decoration-color: initial;\\\"><div class=\\\"header bg-white border border-bottom-0 p-2\\\" style=\\\"box-sizing: border-box; border-width: 1px 1px 0px !important; border-top-style: solid !important; border-right-style: solid !important; border-bottom-style: initial !important; border-left-style: solid !important; border-top-color: rgba(222, 226, 230, 0.62) !important; border-right-color: rgba(222, 226, 230, 0.62) !important; border-bottom-color: initial !important; border-left-color: rgba(222, 226, 230, 0.62) !important; border-image: initial !important; padding: 0.5rem !important; --bs-bg-opacity: 1; background-color: rgba(var(--bs-white-rgb), var(--bs-bg-opacity)) !important;\\\"></div></section></h2><h3 class=\\\"text-bold h6 col-11 col-md-12 d-flex align-items-center justify-content-md-center tcdb px-2\\\" style=\\\"box-sizing: border-box; margin-top: 0px; margin-bottom: 0.5rem; font-weight: 700; line-height: 1.2; font-size: 1rem; color: rgb(60, 106, 173) !important; flex: 0 0 auto; width: 99.725px; display: flex !important; align-items: center !important; padding-right: 0.5rem !important; padding-left: 0.5rem !important; justify-content: center !important;\\\">General</h3><h2 class=\\\"foswald mb-0 h6\\\" style=\\\"font-family: Oswald, sans-serif !important;\\\"><section class=\\\"desc-box mt-2\\\" style=\\\"box-sizing: border-box; margin-top: 0.5rem !important; color: rgb(98, 98, 98); font-family: Roboto, sans-serif; font-size: 16px; font-style: normal; font-variant-ligatures: normal; font-variant-caps: normal; font-weight: 400; letter-spacing: normal; orphans: 2; text-align: start; text-indent: 0px; text-transform: none; widows: 2; word-spacing: 0px; -webkit-text-stroke-width: 0px; white-space: normal; background-color: rgb(242, 243, 245); text-decoration-thickness: initial; text-decoration-style: initial; text-decoration-color: initial;\\\"><div class=\\\"product-specs-tbl border shadow-sm cbg-white p-2\\\" style=\\\"box-sizing: border-box; box-shadow: rgba(0, 0, 0, 0.075) 0px 0.125rem 0.25rem !important; border: 1px solid rgba(222, 226, 230, 0.62) !important; padding: 0.5rem !important; background-color: rgba(255, 255, 255, 0.85) !important;\\\"><div class=\\\"specs-tbl-wrapper position-relative\\\" style=\\\"box-sizing: border-box; position: relative !important;\\\"><div class=\\\"readall-hide\\\" style=\\\"box-sizing: border-box;\\\"><div class=\\\"row mb-2 pb-2 border-bottom\\\" style=\\\"box-sizing: border-box; --bs-gutter-x: 1.5rem; --bs-gutter-y: 0; display: flex; flex-wrap: wrap; margin-top: calc(-1 * var(--bs-gutter-y)); margin-right: calc(-0.5 * var(--bs-gutter-x)); margin-left: calc(-0.5 * var(--bs-gutter-x)); border-bottom: 1px solid rgb(222, 226, 230) !important; margin-bottom: 0.5rem !important; padding-bottom: 0.5rem !important;\\\"><div class=\\\"col-md-2 col-12 d-flex d-md-block flex-row d-md-column text-center\\\" style=\\\"box-sizing: border-box; flex: 0 0 auto; width: 123.725px; max-width: 100%; padding-right: calc(var(--bs-gutter-x) * 0.5); padding-left: calc(var(--bs-gutter-x) * 0.5); margin-top: var(--bs-gutter-y); display: block !important; flex-direction: row !important; text-align: center !important;\\\"></div><div class=\\\"col-md-10\\\" style=\\\"box-sizing: border-box; flex: 0 0 auto; width: 618.662px; max-width: 100%; padding-right: calc(var(--bs-gutter-x) * 0.5); padding-left: calc(var(--bs-gutter-x) * 0.5); margin-top: var(--bs-gutter-y);\\\"><table class=\\\"spec-grp-tbl\\\" style=\\\"box-sizing: border-box; caption-side: bottom; border-collapse: collapse; width: 594.662px; color: rgb(93, 93, 93); font-size: 15px;\\\"><tbody style=\\\"box-sizing: border-box; border-color: inherit; border-style: solid; border-width: 0px;\\\"><tr style=\\\"box-sizing: border-box; border: 1px solid rgba(240, 240, 240, 0.94);\\\"><td class=\\\"td1 ss\\\" style=\\\"box-sizing: border-box; border: 0px; width: 148.462px; padding: 7px 10px !important; background-color: rgba(226, 226, 226, 0.13); font-weight: 500;\\\">Brand</td><td class=\\\"td2 ss\\\" style=\\\"box-sizing: border-box; border: 0px; width: 445.4px; padding: 7px 10px !important;\\\">Huawei</td></tr><tr style=\\\"box-sizing: border-box; border: 1px solid rgba(240, 240, 240, 0.94);\\\"><td class=\\\"td1 ss\\\" style=\\\"box-sizing: border-box; border: 0px; width: 148.462px; padding: 7px 10px !important; background-color: rgba(226, 226, 226, 0.13); font-weight: 500;\\\">Model</td><td class=\\\"td2 ss\\\" style=\\\"box-sizing: border-box; border: 0px; width: 445.4px; padding: 7px 10px !important;\\\">P30 Pro</td></tr><tr style=\\\"box-sizing: border-box; border: 1px solid rgba(240, 240, 240, 0.94);\\\"><td class=\\\"td1 ss\\\" style=\\\"box-sizing: border-box; border: 0px; width: 148.462px; padding: 7px 10px !important; background-color: rgba(226, 226, 226, 0.13); font-weight: 500;\\\">Device Type</td><td class=\\\"td2 ss\\\" style=\\\"box-sizing: border-box; border: 0px; width: 445.4px; padding: 7px 10px !important;\\\">Smartphone</td></tr><tr style=\\\"box-sizing: border-box; border: 1px solid rgba(240, 240, 240, 0.94);\\\"><td class=\\\"td1 ss\\\" style=\\\"box-sizing: border-box; border: 0px; width: 148.462px; padding: 7px 10px !important; background-color: rgba(226, 226, 226, 0.13); font-weight: 500;\\\">Release Date</td><td class=\\\"td2 ss\\\" style=\\\"box-sizing: border-box; border: 0px; width: 445.4px; padding: 7px 10px !important;\\\">11 March 2019</td></tr><tr style=\\\"box-sizing: border-box; border: 1px solid rgba(240, 240, 240, 0.94);\\\"><td class=\\\"td1\\\" style=\\\"box-sizing: border-box; border: 0px; width: 148.462px; padding: 7px 10px !important; background-color: rgba(226, 226, 226, 0.13); font-weight: 500;\\\">Status</td><td class=\\\"td2\\\" style=\\\"box-sizing: border-box; border: 0px; width: 445.4px; padding: 7px 10px !important;\\\"><svg xmlns=\\\"http://www.w3.org/2000/svg\\\" width=\\\"16\\\" height=\\\"16\\\" fill=\\\"currentColor\\\" class=\\\"bi bi-check-circle-fill text-success\\\" viewBox=\\\"0 0 16 16\\\"><path d=\\\"M16 8A8 8 0 1 1 0 8a8 8 0 0 1 16 0zm-3.97-3.03a.75.75 0 0 0-1.08.022L7.477 9.417 5.384 7.323a.75.75 0 0 0-1.06 1.06L6.97 11.03a.75.75 0 0 0 1.079-.02l3.992-4.99a.75.75 0 0 0-.01-1.05z\\\"></path></svg><span> </span>Available</td></tr></tbody></table></div></div></div></div></div></section></h2><h3 class=\\\"text-bold h6 col-11 col-md-12 d-flex align-items-center justify-content-md-center tcdb px-2\\\" style=\\\"box-sizing: border-box; margin-top: 0px; margin-bottom: 0.5rem; font-weight: 700; line-height: 1.2; font-size: 1rem; color: rgb(60, 106, 173) !important; flex: 0 0 auto; width: 99.725px; display: flex !important; align-items: center !important; padding-right: 0.5rem !important; padding-left: 0.5rem !important; justify-content: center !important;\\\">Hardware & Software</h3><h2 class=\\\"foswald mb-0 h6\\\" style=\\\"font-family: Oswald, sans-serif !important;\\\"><section class=\\\"desc-box mt-2\\\" style=\\\"box-sizing: border-box; margin-top: 0.5rem !important; color: rgb(98, 98, 98); font-family: Roboto, sans-serif; font-size: 16px; font-style: normal; font-variant-ligatures: normal; font-variant-caps: normal; font-weight: 400; letter-spacing: normal; orphans: 2; text-align: start; text-indent: 0px; text-transform: none; widows: 2; word-spacing: 0px; -webkit-text-stroke-width: 0px; white-space: normal; background-color: rgb(242, 243, 245); text-decoration-thickness: initial; text-decoration-style: initial; text-decoration-color: initial;\\\"><div class=\\\"product-specs-tbl border shadow-sm cbg-white p-2\\\" style=\\\"box-sizing: border-box; box-shadow: rgba(0, 0, 0, 0.075) 0px 0.125rem 0.25rem !important; border: 1px solid rgba(222, 226, 230, 0.62) !important; padding: 0.5rem !important; background-color: rgba(255, 255, 255, 0.85) !important;\\\"><div class=\\\"specs-tbl-wrapper position-relative\\\" style=\\\"box-sizing: border-box; position: relative !important;\\\"><div class=\\\"readall-hide\\\" style=\\\"box-sizing: border-box;\\\"><div class=\\\"row mb-2 pb-2 border-bottom\\\" style=\\\"box-sizing: border-box; --bs-gutter-x: 1.5rem; --bs-gutter-y: 0; display: flex; flex-wrap: wrap; margin-top: calc(-1 * var(--bs-gutter-y)); margin-right: calc(-0.5 * var(--bs-gutter-x)); margin-left: calc(-0.5 * var(--bs-gutter-x)); border-bottom: 1px solid rgb(222, 226, 230) !important; margin-bottom: 0.5rem !important; padding-bottom: 0.5rem !important;\\\"><div class=\\\"col-md-2 col-12 d-flex d-md-block flex-row d-md-column text-center\\\" style=\\\"box-sizing: border-box; flex: 0 0 auto; width: 123.725px; max-width: 100%; padding-right: calc(var(--bs-gutter-x) * 0.5); padding-left: calc(var(--bs-gutter-x) * 0.5); margin-top: var(--bs-gutter-y); display: block !important; flex-direction: row !important; text-align: center !important;\\\"><span class=\\\"col-1 col-md-12\\\" style=\\\"box-sizing: border-box; flex: 0 0 auto; width: 100%;\\\"><span class=\\\"full-spec-circle svg-container\\\" data-percent=\\\"75.9\\\" style=\\\"box-sizing: border-box;\\\"><svg xmlns=\\\"http://www.w3.org/2000/svg\\\" version=\\\"1.1\\\" viewBox=\\\"10 30 170 170\\\" class=\\\"circliful\\\"><circle cx=\\\"100\\\" cy=\\\"100\\\" r=\\\"57\\\" class=\\\"border\\\" fill=\\\"none\\\" stroke=\\\"#ccc\\\" stroke-width=\\\"2\\\" stroke-dasharray=\\\"360\\\" transform=\\\"rotate(-90,100,100)\\\"></circle><circle class=\\\"circle start\\\" cx=\\\"100\\\" cy=\\\"100\\\" r=\\\"57\\\" fill=\\\"none\\\" stroke=\\\"#2e7d32\\\" stroke-width=\\\"14\\\" stroke-dasharray=\\\"273.24, 20000\\\" transform=\\\"rotate(-90,100,100)\\\" stroke-linecap=\\\"butt\\\"></circle><circle cx=\\\"100\\\" cy=\\\"100\\\" r=\\\"28.5\\\" fill=\\\"none\\\"></circle><text class=\\\"timer\\\" text-anchor=\\\"middle\\\" x=\\\"100\\\" y=\\\"120\\\" style=\\\"font-size: 50px; ;\\\" fill=\\\"#404040\\\"><tspan class=\\\"number\\\" style=\\\"\\\">8</tspan></text></svg></span></span></div><div class=\\\"col-md-10\\\" style=\\\"box-sizing: border-box; flex: 0 0 auto; width: 618.662px; max-width: 100%; padding-right: calc(var(--bs-gutter-x) * 0.5); padding-left: calc(var(--bs-gutter-x) * 0.5); margin-top: var(--bs-gutter-y);\\\"><table class=\\\"spec-grp-tbl\\\" style=\\\"box-sizing: border-box; caption-side: bottom; border-collapse: collapse; width: 594.662px; color: rgb(93, 93, 93); font-size: 15px;\\\"><tbody style=\\\"box-sizing: border-box; border-color: inherit; border-style: solid; border-width: 0px;\\\"><tr style=\\\"box-sizing: border-box; border: 1px solid rgba(240, 240, 240, 0.94);\\\"><td class=\\\"td1 ss\\\" style=\\\"box-sizing: border-box; border: 0px; width: 148.462px; padding: 7px 10px !important; background-color: rgba(226, 226, 226, 0.13); font-weight: 500;\\\">Operating System</td><td class=\\\"td2 ss\\\" style=\\\"box-sizing: border-box; border: 0px; width: 445.4px; padding: 7px 10px !important;\\\">Android</td></tr><tr style=\\\"box-sizing: border-box; border: 1px solid rgba(240, 240, 240, 0.94);\\\"><td class=\\\"td1 ss\\\" style=\\\"box-sizing: border-box; border: 0px; width: 148.462px; padding: 7px 10px !important; background-color: rgba(226, 226, 226, 0.13); font-weight: 500;\\\">OS Version</td><td class=\\\"td2 ss\\\" style=\\\"box-sizing: border-box; border: 0px; width: 445.4px; padding: 7px 10px !important;\\\">v9.0 (Pie)</td></tr><tr style=\\\"box-sizing: border-box; border: 1px solid rgba(240, 240, 240, 0.94);\\\"><td class=\\\"td1 ss\\\" style=\\\"box-sizing: border-box; border: 0px; width: 148.462px; padding: 7px 10px !important; background-color: rgba(226, 226, 226, 0.13); font-weight: 500;\\\">User Interface</td><td class=\\\"td2 ss\\\" style=\\\"box-sizing: border-box; border: 0px; width: 445.4px; padding: 7px 10px !important;\\\">EMUI</td></tr><tr style=\\\"box-sizing: border-box; border: 1px solid rgba(240, 240, 240, 0.94);\\\"><td class=\\\"td1 ss\\\" style=\\\"box-sizing: border-box; border: 0px; width: 148.462px; padding: 7px 10px !important; background-color: rgba(226, 226, 226, 0.13); font-weight: 500;\\\">Chipset</td><td class=\\\"td2 ss\\\" style=\\\"box-sizing: border-box; border: 0px; width: 445.4px; padding: 7px 10px !important;\\\">HiSilicon Kirin 980</td></tr><tr style=\\\"box-sizing: border-box; border: 1px solid rgba(240, 240, 240, 0.94);\\\"><td class=\\\"td1 ss\\\" style=\\\"box-sizing: border-box; border: 0px; width: 148.462px; padding: 7px 10px !important; background-color: rgba(226, 226, 226, 0.13); font-weight: 500;\\\">CPU</td><td class=\\\"td2 ss\\\" style=\\\"box-sizing: border-box; border: 0px; width: 445.4px; padding: 7px 10px !important;\\\">Octa core (2.6 GHz, Dual core, Cortex A76 + 1.92 GHz, Dual core, Cortex A76 + 1.8 GHz, Quad core, Cortex A55)</td></tr><tr style=\\\"box-sizing: border-box; border: 1px solid rgba(240, 240, 240, 0.94);\\\"><td class=\\\"td1 ss\\\" style=\\\"box-sizing: border-box; border: 0px; width: 148.462px; padding: 7px 10px !important; background-color: rgba(226, 226, 226, 0.13); font-weight: 500;\\\">CPU Cores</td><td class=\\\"td2 ss\\\" style=\\\"box-sizing: border-box; border: 0px; width: 445.4px; padding: 7px 10px !important;\\\">8 Cores</td></tr><tr style=\\\"box-sizing: border-box; border: 1px solid rgba(240, 240, 240, 0.94);\\\"><td class=\\\"td1 ss\\\" style=\\\"box-sizing: border-box; border: 0px; width: 148.462px; padding: 7px 10px !important; background-color: rgba(226, 226, 226, 0.13); font-weight: 500;\\\">Architecture</td><td class=\\\"td2 ss\\\" style=\\\"box-sizing: border-box; border: 0px; width: 445.4px; padding: 7px 10px !important;\\\">64 bit</td></tr><tr style=\\\"box-sizing: border-box; border: 1px solid rgba(240, 240, 240, 0.94);\\\"><td class=\\\"td1 ss\\\" style=\\\"box-sizing: border-box; border: 0px; width: 148.462px; padding: 7px 10px !important; background-color: rgba(226, 226, 226, 0.13); font-weight: 500;\\\">Fabrication</td><td class=\\\"td2 ss\\\" style=\\\"box-sizing: border-box; border: 0px; width: 445.4px; padding: 7px 10px !important;\\\">7 nm</td></tr><tr style=\\\"box-sizing: border-box; border: 1px solid rgba(240, 240, 240, 0.94);\\\"><td class=\\\"td1 ss\\\" style=\\\"box-sizing: border-box; border: 0px; width: 148.462px; padding: 7px 10px !important; background-color: rgba(226, 226, 226, 0.13); font-weight: 500;\\\">GPU</td><td class=\\\"td2 ss\\\" style=\\\"box-sizing: border-box; border: 0px; width: 445.4px; padding: 7px 10px !important;\\\">Mali-G76 MP10</td></tr></tbody></table></div><div class=\\\"col-md-10\\\" style=\\\"box-sizing: border-box; flex: 0 0 auto; width: 618.662px; max-width: 100%; padding-right: calc(var(--bs-gutter-x) * 0.5); padding-left: calc(var(--bs-gutter-x) * 0.5); margin-top: var(--bs-gutter-y);\\\"><table class=\\\"spec-grp-tbl\\\" style=\\\"box-sizing: border-box; caption-side: bottom; border-collapse: collapse; width: 594.662px; color: rgb(93, 93, 93); font-size: 15px;\\\"><tbody style=\\\"box-sizing: border-box; border-color: inherit; border-style: solid; border-width: 0px;\\\"><tr style=\\\"box-sizing: border-box; border: 1px solid rgba(240, 240, 240, 0.94);\\\"><td class=\\\"td2 ss\\\" style=\\\"box-sizing: border-box; border: 0px; width: 445.4px; padding: 7px 10px !important;\\\"><br></td></tr></tbody></table><span style=\\\"color: inherit; font-family: Oswald, sans-serif; font-size: 1rem; background-color: rgba(var(--bs-white-rgb), var(--bs-bg-opacity));\\\">Huawei P30 Pro Price in Bangladesh 2024 & Release Date</span></div></div></div></div></div></section></h2><h2 class=\\\"foswald mb-0 h6\\\" style=\\\"font-family: Oswald, sans-serif !important;\\\"><section class=\\\"desc-box product-spec-variant border mt-2\\\" style=\\\"color: rgb(98, 98, 98); font-family: Roboto, sans-serif; background-color: rgb(242, 243, 245); border-color: rgba(222, 226, 230, 0.62) !important;\\\"><div class=\\\"product-specs-tbl cbg-white p-2\\\" style=\\\"background-color: rgba(255, 255, 255, 0.85) !important;\\\"><div class=\\\"specs-group\\\" style=\\\"border-radius: 5px; overflow: hidden;\\\"><table class=\\\"table m-0\\\" style=\\\"caption-side: bottom; --bs-table-bg: transparent; --bs-table-accent-bg: transparent; --bs-table-striped-color: #212529; --bs-table-striped-bg: rgba(0, 0, 0, 0.05); --bs-table-active-color: #212529; --bs-table-active-bg: rgba(0, 0, 0, 0.1); --bs-table-hover-color: #212529; --bs-table-hover-bg: rgba(0, 0, 0, 0.075); width: 718.4px; color: rgb(93, 93, 93); vertical-align: top; border-color: rgb(222, 226, 230); font-size: 15px;\\\"><tbody style=\\\"border-style: solid; border-width: 1px; vertical-align: inherit;\\\"><tr style=\\\"border: 1px solid rgba(240, 240, 240, 0.94);\\\"><td class=\\\"td1\\\" style=\\\"border: 0px; width: 179.4px; background-color: rgba(226, 226, 226, 0.13); box-shadow: inset 0 0 0 9999px var(--bs-table-accent-bg); padding: 7px 10px !important;\\\">Name</td><td class=\\\"td2\\\" style=\\\"border: 0px; width: 538.2px; background-color: var(--bs-table-bg); box-shadow: inset 0 0 0 9999px var(--bs-table-accent-bg); padding: 7px 10px !important;\\\">Huawei P30 Pro</td></tr><tr style=\\\"border: 1px solid rgba(240, 240, 240, 0.94);\\\"><td class=\\\"td1\\\" style=\\\"border: 0px; width: 179.4px; background-color: rgba(226, 226, 226, 0.13); box-shadow: inset 0 0 0 9999px var(--bs-table-accent-bg); padding: 7px 10px !important;\\\">Official Price</td><td class=\\\"td2\\\" style=\\\"border: 0px; width: 538.2px; background-color: var(--bs-table-bg); box-shadow: inset 0 0 0 9999px var(--bs-table-accent-bg); padding: 7px 10px !important;\\\">BDT. 89,999</td></tr><tr style=\\\"border: 1px solid rgba(240, 240, 240, 0.94);\\\"><td class=\\\"td1\\\" style=\\\"border: 0px; width: 179.4px; background-color: rgba(226, 226, 226, 0.13); box-shadow: inset 0 0 0 9999px var(--bs-table-accent-bg); padding: 7px 10px !important;\\\">Unofficial Price</td><td class=\\\"td2\\\" style=\\\"border: 0px; width: 538.2px; background-color: var(--bs-table-bg); box-shadow: inset 0 0 0 9999px var(--bs-table-accent-bg); padding: 7px 10px !important;\\\">BDT. 57,000</td></tr><tr style=\\\"border: 1px solid rgba(240, 240, 240, 0.94);\\\"><td class=\\\"td1\\\" style=\\\"border: 0px; width: 179.4px; background-color: rgba(226, 226, 226, 0.13); box-shadow: inset 0 0 0 9999px var(--bs-table-accent-bg); padding: 7px 10px !important;\\\">Release Date</td><td class=\\\"td2\\\" style=\\\"border: 0px; width: 538.2px; background-color: var(--bs-table-bg); box-shadow: inset 0 0 0 9999px var(--bs-table-accent-bg); padding: 7px 10px !important;\\\">11-Mar-2019</td></tr><tr style=\\\"border: 1px solid rgba(240, 240, 240, 0.94);\\\"><td class=\\\"td1\\\" style=\\\"border: 0px; width: 179.4px; background-color: rgba(226, 226, 226, 0.13); box-shadow: inset 0 0 0 9999px var(--bs-table-accent-bg); padding: 7px 10px !important;\\\">Market Status</td><td class=\\\"td2\\\" style=\\\"border: 0px; width: 538.2px; background-color: var(--bs-table-bg); box-shadow: inset 0 0 0 9999px var(--bs-table-accent-bg); padding: 7px 10px !important;\\\">In Stock</td></tr><tr style=\\\"border: 1px solid rgba(240, 240, 240, 0.94);\\\"><td class=\\\"td1\\\" style=\\\"border: 0px; width: 179.4px; background-color: rgba(226, 226, 226, 0.13); box-shadow: inset 0 0 0 9999px var(--bs-table-accent-bg); padding: 7px 10px !important;\\\">Variant</td><td class=\\\"td2\\\" style=\\\"border: 0px; width: 538.2px; background-color: var(--bs-table-bg); box-shadow: inset 0 0 0 9999px var(--bs-table-accent-bg); padding: 7px 10px !important;\\\">RAM: 8GB + ROM: 256GB</td></tr></tbody></table></div></div></section></h2></div>', 1, '2025-01-28 18:40:59'),
(11, 12, 1, 5, 'Infinix Hot 50 Pro Plus', '<div class=\\\"header bg-white border-bottom p-2\\\" style=\\\"--bs-bg-opacity: 1; color: rgb(98, 98, 98); font-family: Roboto, sans-serif; font-size: 16px; background-color: rgba(var(--bs-white-rgb), var(--bs-bg-opacity)) !important;\\\"><h2 class=\\\"foswald mb-0 h6 foswald\\\" style=\\\"font-family: Oswald, sans-serif !important;\\\">Infinix Hot 50 Pro Plus Price in Bangladesh 2024 & Release Date</h2></div><div class=\\\"product-specs-tbl cbg-white p-2\\\" style=\\\"color: rgb(98, 98, 98); font-family: Roboto, sans-serif; font-size: 16px; background-color: rgba(255, 255, 255, 0.85) !important;\\\"><div class=\\\"specs-group\\\" style=\\\"border-radius: 5px; overflow: hidden;\\\"><table class=\\\"table m-0\\\" style=\\\"caption-side: bottom; --bs-table-bg: transparent; --bs-table-accent-bg: transparent; --bs-table-striped-color: #212529; --bs-table-striped-bg: rgba(0, 0, 0, 0.05); --bs-table-active-color: #212529; --bs-table-active-bg: rgba(0, 0, 0, 0.1); --bs-table-hover-color: #212529; --bs-table-hover-bg: rgba(0, 0, 0, 0.075); width: 718.4px; color: rgb(93, 93, 93); vertical-align: top; border-color: rgb(222, 226, 230); font-size: 15px;\\\"><tbody style=\\\"border-style: solid; border-width: 1px; vertical-align: inherit;\\\"><tr style=\\\"border: 1px solid rgba(240, 240, 240, 0.94);\\\"><td class=\\\"td1\\\" style=\\\"border: 0px; width: 179.4px; background-color: rgba(226, 226, 226, 0.13); box-shadow: inset 0 0 0 9999px var(--bs-table-accent-bg); padding: 7px 10px !important;\\\">Name</td><td class=\\\"td2\\\" style=\\\"border: 0px; width: 538.2px; background-color: var(--bs-table-bg); box-shadow: inset 0 0 0 9999px var(--bs-table-accent-bg); padding: 7px 10px !important;\\\">Infinix Hot 50 Pro Plus</td></tr><tr style=\\\"border: 1px solid rgba(240, 240, 240, 0.94);\\\"><td class=\\\"td1\\\" style=\\\"border: 0px; width: 179.4px; background-color: rgba(226, 226, 226, 0.13); box-shadow: inset 0 0 0 9999px var(--bs-table-accent-bg); padding: 7px 10px !important;\\\">Official Price</td><td class=\\\"td2\\\" style=\\\"border: 0px; width: 538.2px; background-color: var(--bs-table-bg); box-shadow: inset 0 0 0 9999px var(--bs-table-accent-bg); padding: 7px 10px !important;\\\">BDT. 23,999</td></tr><tr style=\\\"border: 1px solid rgba(240, 240, 240, 0.94);\\\"><td class=\\\"td1\\\" style=\\\"border: 0px; width: 179.4px; background-color: rgba(226, 226, 226, 0.13); box-shadow: inset 0 0 0 9999px var(--bs-table-accent-bg); padding: 7px 10px !important;\\\">Release Date</td><td class=\\\"td2\\\" style=\\\"border: 0px; width: 538.2px; background-color: var(--bs-table-bg); box-shadow: inset 0 0 0 9999px var(--bs-table-accent-bg); padding: 7px 10px !important;\\\">10-Nov-2024</td></tr><tr style=\\\"border: 1px solid rgba(240, 240, 240, 0.94);\\\"><td class=\\\"td1\\\" style=\\\"border: 0px; width: 179.4px; background-color: rgba(226, 226, 226, 0.13); box-shadow: inset 0 0 0 9999px var(--bs-table-accent-bg); padding: 7px 10px !important;\\\">Market Status</td><td class=\\\"td2\\\" style=\\\"border: 0px; width: 538.2px; background-color: var(--bs-table-bg); box-shadow: inset 0 0 0 9999px var(--bs-table-accent-bg); padding: 7px 10px !important;\\\">In Stock</td></tr><tr style=\\\"border: 1px solid rgba(240, 240, 240, 0.94);\\\"><td class=\\\"td1\\\" style=\\\"border: 0px; width: 179.4px; background-color: rgba(226, 226, 226, 0.13); box-shadow: inset 0 0 0 9999px var(--bs-table-accent-bg); padding: 7px 10px !important;\\\">Variant</td><td class=\\\"td2\\\" style=\\\"border: 0px; width: 538.2px; background-color: var(--bs-table-bg); box-shadow: inset 0 0 0 9999px var(--bs-table-accent-bg); padding: 7px 10px !important;\\\">RAM: 8GB + ROM: 256GB</td></tr></tbody></table></div></div>', 1, '2025-01-28 18:46:49'),
(12, 14, 1, 5, 'Vivo iQOO 13 Pro', '<h2 class=\\\"wp-block-heading\\\" id=\\\"h-vivo-iqoo-13-pro-price-nbsp-in-bangladesh-nbsp-month-year\\\" style=\\\"padding: 0px; margin-right: 0px; margin-bottom: 0px; margin-left: 0px; list-style: none; border: 0px; outline: none; color: rgb(44, 47, 52); line-height: 1.5; font-weight: 600; font-size: var(--aps-h2-font); font-family: Poppins;\\\">Vivo iQOO 13 Pro Price in Bangladesh January 2025</h2><p style=\\\"padding: 0px; margin-right: 0px; margin-bottom: 20px; margin-left: 0px; list-style: none; border: 0px; outline: none; line-height: 1.5; color: rgb(44, 47, 52); font-family: -apple-system, BlinkMacSystemFont, \\\"Segoe UI\\\", Roboto, Oxygen, Oxygen-Sans, Ubuntu, Cantarell, \\\"Helvetica Neue\\\", \\\"Open Sans\\\", Arial, sans-serif; font-size: 15px;\\\">The <span style=\\\"padding: 0px; margin: 0px; list-style: none; border: 0px; outline: none; font-weight: 600; line-height: 1.5;\\\">Vivo iQOO 13 Pro</span> is now rumored in three variants (256/512GB/1TB/16GB RAM). Now, the Vivo iQOO 13 Pro’s Price is coming in Bangladesh. iQOO 13 Pro has a 5100mAh battery with fast charging. This device is running with Android 14 and is powered by the Qualcomm SM8650-AB Snapdragon 8 Gen 3 (4 nm) chipset.</p><figure class=\\\"wp-block-table is-style-stripes\\\" style=\\\"margin-bottom: 0px; padding: 0px; list-style: none; border-width: 0px 0px 1px; border-top-style: initial; border-right-style: initial; border-bottom-style: solid; border-left-style: initial; border-top-color: initial; border-right-color: initial; border-bottom-color: rgb(240, 240, 240); border-left-color: initial; border-image: initial; outline: none; overflow-x: auto; line-height: 1.5; border-collapse: inherit; border-spacing: 0px; color: rgb(44, 47, 52); font-family: -apple-system, BlinkMacSystemFont, \\\"Segoe UI\\\", Roboto, Oxygen, Oxygen-Sans, Ubuntu, Cantarell, \\\"Helvetica Neue\\\", \\\"Open Sans\\\", Arial, sans-serif; font-size: 15px;\\\"><table class=\\\"has-fixed-layout\\\" style=\\\"padding: 0px; margin: 0px; list-style: none; border: 0px; outline: none; border-spacing: 0px; width: 813px; line-height: 1.5; table-layout: fixed;\\\"><tbody style=\\\"padding: 0px; margin: 0px; list-style: none; border: 0px; outline: none; line-height: 1.5;\\\"><tr style=\\\"padding: 0px; margin: 0px; list-style: none; border: 0px; outline: none; line-height: 1.5; background-color: rgb(240, 240, 240);\\\"><td style=\\\"padding: 0.5em; margin: 0px; list-style: none; border: 1px solid rgba(0, 0, 0, 0); outline: none; line-height: 1.5; word-break: break-word;\\\"><span style=\\\"padding: 0px; margin: 0px; list-style: none; border: 0px; outline: none; font-weight: 600; line-height: 1.5;\\\">Model</span></td><td style=\\\"padding: 0.5em; margin: 0px; list-style: none; border: 1px solid rgba(0, 0, 0, 0); outline: none; line-height: 1.5; word-break: break-word;\\\"><span style=\\\"padding: 0px; margin: 0px; list-style: none; border: 0px; outline: none; font-weight: 600; line-height: 1.5;\\\">Vivo iQOO 13 Pro</span></td></tr><tr style=\\\"padding: 0px; margin: 0px; list-style: none; border: 0px; outline: none; line-height: 1.5; background: none !important;\\\"><td style=\\\"padding: 0.5em; margin: 0px; list-style: none; border: 1px solid rgba(0, 0, 0, 0); outline: none; line-height: 1.5; word-break: break-word;\\\"><span style=\\\"padding: 0px; margin: 0px; list-style: none; border: 0px; outline: none; font-weight: 600; line-height: 1.5;\\\">Price</span></td><td style=\\\"padding: 0.5em; margin: 0px; list-style: none; border: 1px solid rgba(0, 0, 0, 0); outline: none; line-height: 1.5; word-break: break-word;\\\"><span style=\\\"padding: 0px; margin: 0px; list-style: none; border: 0px; outline: none; font-weight: 600; line-height: 1.5;\\\">BDT.</span> 80000/-</td></tr><tr style=\\\"padding: 0px; margin: 0px; list-style: none; border: 0px; outline: none; line-height: 1.5; background-color: rgb(240, 240, 240);\\\"><td style=\\\"padding: 0.5em; margin: 0px; list-style: none; border: 1px solid rgba(0, 0, 0, 0); outline: none; line-height: 1.5; word-break: break-word;\\\">Display</td><td style=\\\"padding: 0.5em; margin: 0px; list-style: none; border: 1px solid rgba(0, 0, 0, 0); outline: none; line-height: 1.5; word-break: break-word;\\\">6.78″ 1440×3200 pixels</td></tr><tr style=\\\"padding: 0px; margin: 0px; list-style: none; border: 0px; outline: none; line-height: 1.5; background: none !important;\\\"><td style=\\\"padding: 0.5em; margin: 0px; list-style: none; border: 1px solid rgba(0, 0, 0, 0); outline: none; line-height: 1.5; word-break: break-word;\\\">RAM</td><td style=\\\"padding: 0.5em; margin: 0px; list-style: none; border: 1px solid rgba(0, 0, 0, 0); outline: none; line-height: 1.5; word-break: break-word;\\\">16 GB</td></tr><tr style=\\\"padding: 0px; margin: 0px; list-style: none; border: 0px; outline: none; line-height: 1.5; background-color: rgb(240, 240, 240);\\\"><td style=\\\"padding: 0.5em; margin: 0px; list-style: none; border: 1px solid rgba(0, 0, 0, 0); outline: none; line-height: 1.5; word-break: break-word;\\\">ROM</td><td style=\\\"padding: 0.5em; margin: 0px; list-style: none; border: 1px solid rgba(0, 0, 0, 0); outline: none; line-height: 1.5; word-break: break-word;\\\">256/512 GB / 1TB</td></tr><tr style=\\\"padding: 0px; margin: 0px; list-style: none; border: 0px; outline: none; line-height: 1.5; background: none !important;\\\"><td style=\\\"padding: 0.5em; margin: 0px; list-style: none; border: 1px solid rgba(0, 0, 0, 0); outline: none; line-height: 1.5; word-break: break-word;\\\">Released</td><td style=\\\"padding: 0.5em; margin: 0px; list-style: none; border: 1px solid rgba(0, 0, 0, 0); outline: none; line-height: 1.5; word-break: break-word;\\\">January 2025</td></tr></tbody></table></figure>', 1, '2025-01-28 18:50:51');
INSERT INTO `products` (`id`, `brand_id`, `category_id`, `sub_category_id`, `name`, `specs`, `status`, `date_created`) VALUES
(13, 13, 1, 5, 'Itel S25 Ultra', '<h2 class=\\\"wp-block-heading\\\" id=\\\"h-itel-s25-ultra-nbsp-price-nbsp-in-bangladesh-nbsp-month-year\\\" style=\\\"padding: 0px; margin-right: 0px; margin-bottom: 0px; margin-left: 0px; list-style: none; border: 0px; outline: none; color: rgb(44, 47, 52); line-height: 1.5; font-weight: 600; font-size: var(--aps-h2-font); font-family: Poppins;\\\">Itel S25 Ultra Price in Bangladesh January 2025</h2><p style=\\\"padding: 0px; margin-right: 0px; margin-bottom: 20px; margin-left: 0px; list-style: none; border: 0px; outline: none; line-height: 1.5; color: rgb(44, 47, 52); font-family: -apple-system, BlinkMacSystemFont, \\\"Segoe UI\\\", Roboto, Oxygen, Oxygen-Sans, Ubuntu, Cantarell, \\\"Helvetica Neue\\\", \\\"Open Sans\\\", Arial, sans-serif; font-size: 15px;\\\">The Itel S25 Ultra is now available in three variants (128/256/512GB/8GB RAM). Now, the Itel S25 Ultra Price is 20000 in Bangladesh. S25 Ultra has a 5000mAh battery with 18W fast charging. This device is running with Android 14 and is powered by a Unisoc T620 (12 nm) chipset.</p><figure class=\\\"wp-block-table is-style-stripes\\\" style=\\\"margin-bottom: 0px; padding: 0px; list-style: none; border-width: 0px 0px 1px; border-top-style: initial; border-right-style: initial; border-bottom-style: solid; border-left-style: initial; border-top-color: initial; border-right-color: initial; border-bottom-color: rgb(240, 240, 240); border-left-color: initial; border-image: initial; outline: none; overflow-x: auto; line-height: 1.5; border-collapse: inherit; border-spacing: 0px; color: rgb(44, 47, 52); font-family: -apple-system, BlinkMacSystemFont, \\\"Segoe UI\\\", Roboto, Oxygen, Oxygen-Sans, Ubuntu, Cantarell, \\\"Helvetica Neue\\\", \\\"Open Sans\\\", Arial, sans-serif; font-size: 15px;\\\"><table class=\\\"has-fixed-layout\\\" style=\\\"padding: 0px; margin: 0px; list-style: none; border: 0px; outline: none; border-spacing: 0px; width: 813px; line-height: 1.5; table-layout: fixed;\\\"><tbody style=\\\"padding: 0px; margin: 0px; list-style: none; border: 0px; outline: none; line-height: 1.5;\\\"><tr style=\\\"padding: 0px; margin: 0px; list-style: none; border: 0px; outline: none; line-height: 1.5; background-color: rgb(240, 240, 240);\\\"><td style=\\\"padding: 0.5em; margin: 0px; list-style: none; border: 1px solid rgba(0, 0, 0, 0); outline: none; line-height: 1.5; word-break: break-word;\\\"><span style=\\\"padding: 0px; margin: 0px; list-style: none; border: 0px; outline: none; font-weight: 600; line-height: 1.5;\\\">Model</span></td><td style=\\\"padding: 0.5em; margin: 0px; list-style: none; border: 1px solid rgba(0, 0, 0, 0); outline: none; line-height: 1.5; word-break: break-word;\\\"><span style=\\\"padding: 0px; margin: 0px; list-style: none; border: 0px; outline: none; font-weight: 600; line-height: 1.5;\\\">Itel S25 Ultra</span></td></tr><tr style=\\\"padding: 0px; margin: 0px; list-style: none; border: 0px; outline: none; line-height: 1.5; background: none !important;\\\"><td style=\\\"padding: 0.5em; margin: 0px; list-style: none; border: 1px solid rgba(0, 0, 0, 0); outline: none; line-height: 1.5; word-break: break-word;\\\"><span style=\\\"padding: 0px; margin: 0px; list-style: none; border: 0px; outline: none; font-weight: 600; line-height: 1.5;\\\">Price</span></td><td style=\\\"padding: 0.5em; margin: 0px; list-style: none; border: 1px solid rgba(0, 0, 0, 0); outline: none; line-height: 1.5; word-break: break-word;\\\"><span style=\\\"padding: 0px; margin: 0px; list-style: none; border: 0px; outline: none; font-weight: 600; line-height: 1.5;\\\">BDT.</span> <span style=\\\"padding: 0px; margin: 0px; list-style: none; border: 0px; outline: none; font-weight: 600; line-height: 1.5;\\\">20,000</span></td></tr><tr style=\\\"padding: 0px; margin: 0px; list-style: none; border: 0px; outline: none; line-height: 1.5; background-color: rgb(240, 240, 240);\\\"><td style=\\\"padding: 0.5em; margin: 0px; list-style: none; border: 1px solid rgba(0, 0, 0, 0); outline: none; line-height: 1.5; word-break: break-word;\\\">Display</td><td style=\\\"padding: 0.5em; margin: 0px; list-style: none; border: 1px solid rgba(0, 0, 0, 0); outline: none; line-height: 1.5; word-break: break-word;\\\">6.78″ 1080×2436 pixels</td></tr><tr style=\\\"padding: 0px; margin: 0px; list-style: none; border: 0px; outline: none; line-height: 1.5; background: none !important;\\\"><td style=\\\"padding: 0.5em; margin: 0px; list-style: none; border: 1px solid rgba(0, 0, 0, 0); outline: none; line-height: 1.5; word-break: break-word;\\\">RAM</td><td style=\\\"padding: 0.5em; margin: 0px; list-style: none; border: 1px solid rgba(0, 0, 0, 0); outline: none; line-height: 1.5; word-break: break-word;\\\">8 GB</td></tr><tr style=\\\"padding: 0px; margin: 0px; list-style: none; border: 0px; outline: none; line-height: 1.5; background-color: rgb(240, 240, 240);\\\"><td style=\\\"padding: 0.5em; margin: 0px; list-style: none; border: 1px solid rgba(0, 0, 0, 0); outline: none; line-height: 1.5; word-break: break-word;\\\">ROM</td><td style=\\\"padding: 0.5em; margin: 0px; list-style: none; border: 1px solid rgba(0, 0, 0, 0); outline: none; line-height: 1.5; word-break: break-word;\\\">128/256/512 GB</td></tr><tr style=\\\"padding: 0px; margin: 0px; list-style: none; border: 0px; outline: none; line-height: 1.5; background: none !important;\\\"><td style=\\\"padding: 0.5em; margin: 0px; list-style: none; border: 1px solid rgba(0, 0, 0, 0); outline: none; line-height: 1.5; word-break: break-word;\\\">Released</td><td style=\\\"padding: 0.5em; margin: 0px; list-style: none; border: 1px solid rgba(0, 0, 0, 0); outline: none; line-height: 1.5; word-break: break-word;\\\">2024, November</td></tr></tbody></table></figure>', 1, '2025-01-28 18:55:05'),
(14, 20, 1, 5, 'Lava Blaze X', '<h2 class=\\\"wp-block-heading\\\" id=\\\"h-lava-blaze-x-price-nbsp-in-bangladesh-nbsp-month-year\\\" style=\\\"padding: 0px; margin-right: 0px; margin-bottom: 0px; margin-left: 0px; list-style: none; border: 0px; outline: none; color: rgb(44, 47, 52); line-height: 1.5; font-weight: 600; font-size: var(--aps-h2-font); font-family: Poppins;\\\">Lava Blaze X Price in Bangladesh January 2025</h2><p style=\\\"padding: 0px; margin-right: 0px; margin-bottom: 20px; margin-left: 0px; list-style: none; border: 0px; outline: none; line-height: 1.5; color: rgb(44, 47, 52); font-family: -apple-system, BlinkMacSystemFont, \\\"Segoe UI\\\", Roboto, Oxygen, Oxygen-Sans, Ubuntu, Cantarell, \\\"Helvetica Neue\\\", \\\"Open Sans\\\", Arial, sans-serif; font-size: 15px;\\\">The Lava Blaze X is now available in two variants (64/128GB/4/8GB RAM). Now, Lava Blaze X’s Price is 20000 Taka in Bangladesh. The Blaze X has a 5000mAh battery with 33W fast charging. This device runs with Android 14 and is powered by the Mediatek Dimensity 6300 (6 nm) chipset.</p><figure class=\\\"wp-block-table is-style-stripes\\\" style=\\\"margin-bottom: 0px; padding: 0px; list-style: none; border-width: 0px 0px 1px; border-top-style: initial; border-right-style: initial; border-bottom-style: solid; border-left-style: initial; border-top-color: initial; border-right-color: initial; border-bottom-color: rgb(240, 240, 240); border-left-color: initial; border-image: initial; outline: none; overflow-x: auto; line-height: 1.5; border-collapse: inherit; border-spacing: 0px; color: rgb(44, 47, 52); font-family: -apple-system, BlinkMacSystemFont, \\\"Segoe UI\\\", Roboto, Oxygen, Oxygen-Sans, Ubuntu, Cantarell, \\\"Helvetica Neue\\\", \\\"Open Sans\\\", Arial, sans-serif; font-size: 15px;\\\"><table class=\\\"has-fixed-layout\\\" style=\\\"padding: 0px; margin: 0px; list-style: none; border: 0px; outline: none; border-spacing: 0px; width: 813px; line-height: 1.5; table-layout: fixed;\\\"><tbody style=\\\"padding: 0px; margin: 0px; list-style: none; border: 0px; outline: none; line-height: 1.5;\\\"><tr style=\\\"padding: 0px; margin: 0px; list-style: none; border: 0px; outline: none; line-height: 1.5; background-color: rgb(240, 240, 240);\\\"><td style=\\\"padding: 0.5em; margin: 0px; list-style: none; border: 1px solid rgba(0, 0, 0, 0); outline: none; line-height: 1.5; word-break: break-word;\\\"><span style=\\\"padding: 0px; margin: 0px; list-style: none; border: 0px; outline: none; font-weight: 600; line-height: 1.5;\\\">Model</span></td><td style=\\\"padding: 0.5em; margin: 0px; list-style: none; border: 1px solid rgba(0, 0, 0, 0); outline: none; line-height: 1.5; word-break: break-word;\\\"><span style=\\\"padding: 0px; margin: 0px; list-style: none; border: 0px; outline: none; font-weight: 600; line-height: 1.5;\\\">Lava Blaze X</span></td></tr><tr style=\\\"padding: 0px; margin: 0px; list-style: none; border: 0px; outline: none; line-height: 1.5; background: none !important;\\\"><td style=\\\"padding: 0.5em; margin: 0px; list-style: none; border: 1px solid rgba(0, 0, 0, 0); outline: none; line-height: 1.5; word-break: break-word;\\\"><span style=\\\"padding: 0px; margin: 0px; list-style: none; border: 0px; outline: none; font-weight: 600; line-height: 1.5;\\\">Price</span></td><td style=\\\"padding: 0.5em; margin: 0px; list-style: none; border: 1px solid rgba(0, 0, 0, 0); outline: none; line-height: 1.5; word-break: break-word;\\\"><span style=\\\"padding: 0px; margin: 0px; list-style: none; border: 0px; outline: none; font-weight: 600; line-height: 1.5;\\\">BDT. 20,000</span></td></tr><tr style=\\\"padding: 0px; margin: 0px; list-style: none; border: 0px; outline: none; line-height: 1.5; background-color: rgb(240, 240, 240);\\\"><td style=\\\"padding: 0.5em; margin: 0px; list-style: none; border: 1px solid rgba(0, 0, 0, 0); outline: none; line-height: 1.5; word-break: break-word;\\\">Display</td><td style=\\\"padding: 0.5em; margin: 0px; list-style: none; border: 1px solid rgba(0, 0, 0, 0); outline: none; line-height: 1.5; word-break: break-word;\\\">6.67″1080×2400 pixels</td></tr><tr style=\\\"padding: 0px; margin: 0px; list-style: none; border: 0px; outline: none; line-height: 1.5; background: none !important;\\\"><td style=\\\"padding: 0.5em; margin: 0px; list-style: none; border: 1px solid rgba(0, 0, 0, 0); outline: none; line-height: 1.5; word-break: break-word;\\\">RAM</td><td style=\\\"padding: 0.5em; margin: 0px; list-style: none; border: 1px solid rgba(0, 0, 0, 0); outline: none; line-height: 1.5; word-break: break-word;\\\">4/8 GB</td></tr><tr style=\\\"padding: 0px; margin: 0px; list-style: none; border: 0px; outline: none; line-height: 1.5; background-color: rgb(240, 240, 240);\\\"><td style=\\\"padding: 0.5em; margin: 0px; list-style: none; border: 1px solid rgba(0, 0, 0, 0); outline: none; line-height: 1.5; word-break: break-word;\\\">ROM</td><td style=\\\"padding: 0.5em; margin: 0px; list-style: none; border: 1px solid rgba(0, 0, 0, 0); outline: none; line-height: 1.5; word-break: break-word;\\\">64/128 GB</td></tr><tr style=\\\"padding: 0px; margin: 0px; list-style: none; border: 0px; outline: none; line-height: 1.5; background: none !important;\\\"><td style=\\\"padding: 0.5em; margin: 0px; list-style: none; border: 1px solid rgba(0, 0, 0, 0); outline: none; line-height: 1.5; word-break: break-word;\\\">Released</td><td style=\\\"padding: 0.5em; margin: 0px; list-style: none; border: 1px solid rgba(0, 0, 0, 0); outline: none; line-height: 1.5; word-break: break-word;\\\">2024 July</td></tr></tbody></table></figure>', 1, '2025-01-28 18:59:17'),
(15, 24, 1, 5, 'Motorola M-S30 Pro', '<h2 class=\\\"wp-block-heading\\\" id=\\\"h-motorola-moto-s30-pro-price-nbsp-in-bangladesh-nbsp-month-year\\\" style=\\\"padding: 0px; margin-right: 0px; margin-bottom: 0px; margin-left: 0px; list-style: none; border: 0px; outline: none; color: rgb(44, 47, 52); line-height: 1.5; font-weight: 600; font-size: var(--aps-h2-font); font-family: Poppins;\\\">Motorola Moto S30 Pro Price in Bangladesh January 2025</h2><p style=\\\"padding: 0px; margin-right: 0px; margin-bottom: 20px; margin-left: 0px; list-style: none; border: 0px; outline: none; line-height: 1.5; color: rgb(44, 47, 52); font-family: -apple-system, BlinkMacSystemFont, \\\"Segoe UI\\\", Roboto, Oxygen, Oxygen-Sans, Ubuntu, Cantarell, \\\"Helvetica Neue\\\", \\\"Open Sans\\\", Arial, sans-serif; font-size: 15px;\\\">The <span style=\\\"padding: 0px; margin: 0px; list-style: none; border: 0px; outline: none; font-weight: 600; line-height: 1.5;\\\">Motorola Moto S30 Pro </span>is now available in two variants (128/256/512GB/8/12GB RAM). Now, Motorola Moto S30 Pro’s Price is 80000 taka in Bangladesh. Moto S30 Pro has a 4400mAh battery with fast charging. This device is running with Android 12 and is powered by the Qualcomm SM8350 Snapdragon 888+ 5G (5 nm) chipset.</p><figure class=\\\"wp-block-table is-style-stripes\\\" style=\\\"margin-bottom: 0px; padding: 0px; list-style: none; border-width: 0px 0px 1px; border-top-style: initial; border-right-style: initial; border-bottom-style: solid; border-left-style: initial; border-top-color: initial; border-right-color: initial; border-bottom-color: rgb(240, 240, 240); border-left-color: initial; border-image: initial; outline: none; overflow-x: auto; line-height: 1.5; border-collapse: inherit; border-spacing: 0px; color: rgb(44, 47, 52); font-family: -apple-system, BlinkMacSystemFont, \\\"Segoe UI\\\", Roboto, Oxygen, Oxygen-Sans, Ubuntu, Cantarell, \\\"Helvetica Neue\\\", \\\"Open Sans\\\", Arial, sans-serif; font-size: 15px;\\\"><table class=\\\"has-fixed-layout\\\" style=\\\"padding: 0px; margin: 0px; list-style: none; border: 0px; outline: none; border-spacing: 0px; width: 813px; line-height: 1.5; table-layout: fixed;\\\"><tbody style=\\\"padding: 0px; margin: 0px; list-style: none; border: 0px; outline: none; line-height: 1.5;\\\"><tr style=\\\"padding: 0px; margin: 0px; list-style: none; border: 0px; outline: none; line-height: 1.5; background-color: rgb(240, 240, 240);\\\"><td style=\\\"padding: 0.5em; margin: 0px; list-style: none; border: 1px solid rgba(0, 0, 0, 0); outline: none; line-height: 1.5; word-break: break-word;\\\"><span style=\\\"padding: 0px; margin: 0px; list-style: none; border: 0px; outline: none; font-weight: 600; line-height: 1.5;\\\">Model</span></td><td style=\\\"padding: 0.5em; margin: 0px; list-style: none; border: 1px solid rgba(0, 0, 0, 0); outline: none; line-height: 1.5; word-break: break-word;\\\"><span style=\\\"padding: 0px; margin: 0px; list-style: none; border: 0px; outline: none; font-weight: 600; line-height: 1.5;\\\">Motorola Moto S30 Pro</span></td></tr><tr style=\\\"padding: 0px; margin: 0px; list-style: none; border: 0px; outline: none; line-height: 1.5; background: none !important;\\\"><td style=\\\"padding: 0.5em; margin: 0px; list-style: none; border: 1px solid rgba(0, 0, 0, 0); outline: none; line-height: 1.5; word-break: break-word;\\\"><span style=\\\"padding: 0px; margin: 0px; list-style: none; border: 0px; outline: none; font-weight: 600; line-height: 1.5;\\\">Price</span></td><td style=\\\"padding: 0.5em; margin: 0px; list-style: none; border: 1px solid rgba(0, 0, 0, 0); outline: none; line-height: 1.5; word-break: break-word;\\\"><span style=\\\"padding: 0px; margin: 0px; list-style: none; border: 0px; outline: none; font-weight: 600; line-height: 1.5;\\\">BDT.</span> <span style=\\\"padding: 0px; margin: 0px; list-style: none; border: 0px; outline: none; font-weight: 600; line-height: 1.5;\\\">80,000</span></td></tr><tr style=\\\"padding: 0px; margin: 0px; list-style: none; border: 0px; outline: none; line-height: 1.5; background-color: rgb(240, 240, 240);\\\"><td style=\\\"padding: 0.5em; margin: 0px; list-style: none; border: 1px solid rgba(0, 0, 0, 0); outline: none; line-height: 1.5; word-break: break-word;\\\">Display</td><td style=\\\"padding: 0.5em; margin: 0px; list-style: none; border: 1px solid rgba(0, 0, 0, 0); outline: none; line-height: 1.5; word-break: break-word;\\\">6.55″1080×2400 pixels</td></tr><tr style=\\\"padding: 0px; margin: 0px; list-style: none; border: 0px; outline: none; line-height: 1.5; background: none !important;\\\"><td style=\\\"padding: 0.5em; margin: 0px; list-style: none; border: 1px solid rgba(0, 0, 0, 0); outline: none; line-height: 1.5; word-break: break-word;\\\">RAM</td><td style=\\\"padding: 0.5em; margin: 0px; list-style: none; border: 1px solid rgba(0, 0, 0, 0); outline: none; line-height: 1.5; word-break: break-word;\\\">8/12 GB</td></tr><tr style=\\\"padding: 0px; margin: 0px; list-style: none; border: 0px; outline: none; line-height: 1.5; background-color: rgb(240, 240, 240);\\\"><td style=\\\"padding: 0.5em; margin: 0px; list-style: none; border: 1px solid rgba(0, 0, 0, 0); outline: none; line-height: 1.5; word-break: break-word;\\\">ROM</td><td style=\\\"padding: 0.5em; margin: 0px; list-style: none; border: 1px solid rgba(0, 0, 0, 0); outline: none; line-height: 1.5; word-break: break-word;\\\">128/256/512 GB</td></tr><tr style=\\\"padding: 0px; margin: 0px; list-style: none; border: 0px; outline: none; line-height: 1.5; background: none !important;\\\"><td style=\\\"padding: 0.5em; margin: 0px; list-style: none; border: 1px solid rgba(0, 0, 0, 0); outline: none; line-height: 1.5; word-break: break-word;\\\">Released</td><td style=\\\"padding: 0.5em; margin: 0px; list-style: none; border: 1px solid rgba(0, 0, 0, 0); outline: none; line-height: 1.5; word-break: break-word;\\\">2022 August</td></tr></tbody></table></figure>', 1, '2025-01-28 19:04:44'),
(16, 24, 1, 6, 'Motorola Edge 50 Pro', '<h2 class=\\\"wp-block-heading\\\" id=\\\"h-motorola-edge-50-pro-price-nbsp-in-bangladesh-nbsp-month-year\\\" style=\\\"padding: 0px; margin-right: 0px; margin-bottom: 0px; margin-left: 0px; list-style: none; border: 0px; outline: none; color: rgb(44, 47, 52); line-height: 1.5; font-weight: 600; font-size: var(--aps-h2-font); font-family: Poppins;\\\">Motorola Edge 50 Pro Price in Bangladesh January 2025</h2><p style=\\\"padding: 0px; margin-right: 0px; margin-bottom: 20px; margin-left: 0px; list-style: none; border: 0px; outline: none; line-height: 1.5; color: rgb(44, 47, 52); font-family: -apple-system, BlinkMacSystemFont, \\\"Segoe UI\\\", Roboto, Oxygen, Oxygen-Sans, Ubuntu, Cantarell, \\\"Helvetica Neue\\\", \\\"Open Sans\\\", Arial, sans-serif; font-size: 15px;\\\">The <span style=\\\"padding: 0px; margin: 0px; list-style: none; border: 0px; outline: none; font-weight: 600; line-height: 1.5;\\\">Motorola Edge 50 Pro </span>is now available in three variants (128/256/512GB/8/12GB RAM). Now, Motorola Edge 50 Pro’s Price is 46000 Taka in Bangladesh. Edge 50 Pro has a 4500mAh battery with 125W fast charging. This device is running with Android 14 and is powered by the Qualcomm Snapdragon 7 Gen 3 (4 nm) chipset.</p><figure class=\\\"wp-block-table is-style-stripes\\\" style=\\\"margin-bottom: 0px; padding: 0px; list-style: none; border-width: 0px 0px 1px; border-top-style: initial; border-right-style: initial; border-bottom-style: solid; border-left-style: initial; border-top-color: initial; border-right-color: initial; border-bottom-color: rgb(240, 240, 240); border-left-color: initial; border-image: initial; outline: none; overflow-x: auto; line-height: 1.5; border-collapse: inherit; border-spacing: 0px; color: rgb(44, 47, 52); font-family: -apple-system, BlinkMacSystemFont, \\\"Segoe UI\\\", Roboto, Oxygen, Oxygen-Sans, Ubuntu, Cantarell, \\\"Helvetica Neue\\\", \\\"Open Sans\\\", Arial, sans-serif; font-size: 15px;\\\"><table class=\\\"has-fixed-layout\\\" style=\\\"padding: 0px; margin: 0px; list-style: none; border: 0px; outline: none; border-spacing: 0px; width: 813px; line-height: 1.5; table-layout: fixed;\\\"><tbody style=\\\"padding: 0px; margin: 0px; list-style: none; border: 0px; outline: none; line-height: 1.5;\\\"><tr style=\\\"padding: 0px; margin: 0px; list-style: none; border: 0px; outline: none; line-height: 1.5; background-color: rgb(240, 240, 240);\\\"><td style=\\\"padding: 0.5em; margin: 0px; list-style: none; border: 1px solid rgba(0, 0, 0, 0); outline: none; line-height: 1.5; word-break: break-word;\\\"><span style=\\\"padding: 0px; margin: 0px; list-style: none; border: 0px; outline: none; font-weight: 600; line-height: 1.5;\\\">Model</span></td><td style=\\\"padding: 0.5em; margin: 0px; list-style: none; border: 1px solid rgba(0, 0, 0, 0); outline: none; line-height: 1.5; word-break: break-word;\\\"><span style=\\\"padding: 0px; margin: 0px; list-style: none; border: 0px; outline: none; font-weight: 600; line-height: 1.5;\\\">Motorola Edge 50 Pro</span></td></tr><tr style=\\\"padding: 0px; margin: 0px; list-style: none; border: 0px; outline: none; line-height: 1.5; background: none !important;\\\"><td style=\\\"padding: 0.5em; margin: 0px; list-style: none; border: 1px solid rgba(0, 0, 0, 0); outline: none; line-height: 1.5; word-break: break-word;\\\"><span style=\\\"padding: 0px; margin: 0px; list-style: none; border: 0px; outline: none; font-weight: 600; line-height: 1.5;\\\">Price</span></td><td style=\\\"padding: 0.5em; margin: 0px; list-style: none; border: 1px solid rgba(0, 0, 0, 0); outline: none; line-height: 1.5; word-break: break-word;\\\"><span style=\\\"padding: 0px; margin: 0px; list-style: none; border: 0px; outline: none; font-weight: 600; line-height: 1.5;\\\">BDT.</span> <span style=\\\"padding: 0px; margin: 0px; list-style: none; border: 0px; outline: none; font-weight: 600; line-height: 1.5;\\\">46,000</span></td></tr><tr style=\\\"padding: 0px; margin: 0px; list-style: none; border: 0px; outline: none; line-height: 1.5; background-color: rgb(240, 240, 240);\\\"><td style=\\\"padding: 0.5em; margin: 0px; list-style: none; border: 1px solid rgba(0, 0, 0, 0); outline: none; line-height: 1.5; word-break: break-word;\\\">Display</td><td style=\\\"padding: 0.5em; margin: 0px; list-style: none; border: 1px solid rgba(0, 0, 0, 0); outline: none; line-height: 1.5; word-break: break-word;\\\">6.7″1220×2712 pixels</td></tr><tr style=\\\"padding: 0px; margin: 0px; list-style: none; border: 0px; outline: none; line-height: 1.5; background: none !important;\\\"><td style=\\\"padding: 0.5em; margin: 0px; list-style: none; border: 1px solid rgba(0, 0, 0, 0); outline: none; line-height: 1.5; word-break: break-word;\\\">RAM</td><td style=\\\"padding: 0.5em; margin: 0px; list-style: none; border: 1px solid rgba(0, 0, 0, 0); outline: none; line-height: 1.5; word-break: break-word;\\\">8/12 GB</td></tr><tr style=\\\"padding: 0px; margin: 0px; list-style: none; border: 0px; outline: none; line-height: 1.5; background-color: rgb(240, 240, 240);\\\"><td style=\\\"padding: 0.5em; margin: 0px; list-style: none; border: 1px solid rgba(0, 0, 0, 0); outline: none; line-height: 1.5; word-break: break-word;\\\">ROM</td><td style=\\\"padding: 0.5em; margin: 0px; list-style: none; border: 1px solid rgba(0, 0, 0, 0); outline: none; line-height: 1.5; word-break: break-word;\\\">128/256/512 GB</td></tr><tr style=\\\"padding: 0px; margin: 0px; list-style: none; border: 0px; outline: none; line-height: 1.5; background: none !important;\\\"><td style=\\\"padding: 0.5em; margin: 0px; list-style: none; border: 1px solid rgba(0, 0, 0, 0); outline: none; line-height: 1.5; word-break: break-word;\\\">Released</td><td style=\\\"padding: 0.5em; margin: 0px; list-style: none; border: 1px solid rgba(0, 0, 0, 0); outline: none; line-height: 1.5; word-break: break-word;\\\">2024, April</td></tr></tbody></table></figure>', 1, '2025-01-28 19:08:37'),
(17, 3, 1, 5, 'Samsung Galaxy S25 Ultra', '<div class=\\\"header bg-white border border-bottom-0 p-2\\\" style=\\\"--bs-bg-opacity: 1; color: rgb(98, 98, 98); font-family: Roboto, sans-serif; font-size: 16px; border-top-color: rgba(222, 226, 230, 0.62) !important; border-right-color: rgba(222, 226, 230, 0.62) !important; border-left-color: rgba(222, 226, 230, 0.62) !important; background-color: rgba(var(--bs-white-rgb), var(--bs-bg-opacity)) !important;\\\"><h2 class=\\\"foswald h6 mb-0\\\" style=\\\"font-family: Oswald, sans-serif !important;\\\">Samsung Galaxy S25 Ultra Overview</h2></div><section class=\\\"readall-wrapper p-2 bg-white border\\\" style=\\\"--bs-bg-opacity: 1; color: rgb(98, 98, 98); font-family: Roboto, sans-serif; font-size: 16px; border-color: rgba(222, 226, 230, 0.62) !important; background-color: rgba(var(--bs-white-rgb), var(--bs-bg-opacity)) !important;\\\"><div class=\\\"readall\\\" style=\\\"height: auto; overflow: hidden; position: relative; transition: height 0.5s;\\\"><p style=\\\"color: rgb(114, 115, 116); line-height: 1.5rem; margin-bottom: 10px !important;\\\">The Samsung Galaxy S25 Ultra is poised to be a standout in the smartphone market with its impressive array of features and cutting-edge technology. The device boasts a 6.9-inch Dynamic LTPO AMOLED 2X display with a resolution of 1440 x 3120 pixels, offering vibrant colors and sharp details. Powered by the <a href=\\\"https://www.mobiledokan.com/blog/gualcomm-snapdragon-8-elite-gen-4/\\\" style=\\\"color: rgb(13, 110, 253); text-decoration-line: underline;\\\">Qualcomm Snapdragon 8 Elite (3 nm)</a> chipset.</p><p style=\\\"color: rgb(114, 115, 116); line-height: 1.5rem; margin-bottom: 10px !important;\\\">One of the key highlights of the Galaxy S25 Ultra is its advanced camera system. It features a quad-<a href=\\\"https://www.mobiledokan.com/blog/camera/\\\" style=\\\"color: rgb(13, 110, 253); text-decoration-line: underline;\\\">camera</a> setup with a 200MP main sensor, complemented by 10 MP telephoto, 50 MP periscope telephoto, and 50 MP ultrawide lenses. This setup allows for versatile photography, from detailed close-ups to expansive landscapes. The device also supports 8K video recording, making it a powerful tool for content creators.</p><p style=\\\"color: rgb(114, 115, 116); line-height: 1.5rem; margin-bottom: 10px !important;\\\">In terms of design, the Galaxy S25 Ultra is built with a titanium frame and Corning Gorilla Armor 2 for durability. It includes a 5000mAh <a href=\\\"https://www.mobiledokan.com/blog/phone-battery-lithium-ion-and-lithium-polymer/\\\" style=\\\"color: rgb(13, 110, 253); text-decoration-line: underline;\\\">battery</a> with 45W wired and 25W wireless charging capabilities, ensuring long-lasting power and quick recharges. Running on Android 15 with One UI 7, the phone offers a smooth and intuitive user experience, complete with up to seven major Android upgrades. The Samsung Galaxy S25 Ultra price in Bangladesh is BDT 200,000 (Expected) for 12GB of RAM and 256GB of phone storage.</p><div class=\\\"header bg-white border-bottom p-2\\\" style=\\\"--bs-bg-opacity: 1; color: rgb(98, 98, 98); background-color: rgba(var(--bs-white-rgb), var(--bs-bg-opacity)) !important;\\\"><h2 class=\\\"foswald mb-0 h6 foswald\\\" style=\\\"font-family: Oswald, sans-serif !important;\\\">Samsung Galaxy S25 Ultra Price in Bangladesh 2024 & Release Date</h2></div><div class=\\\"product-specs-tbl cbg-white p-2\\\" style=\\\"color: rgb(98, 98, 98); background-color: rgba(255, 255, 255, 0.85) !important;\\\"><div class=\\\"specs-group\\\" style=\\\"border-radius: 5px; overflow: hidden;\\\"><table class=\\\"table m-0\\\" style=\\\"caption-side: bottom; --bs-table-bg: transparent; --bs-table-accent-bg: transparent; --bs-table-striped-color: #212529; --bs-table-striped-bg: rgba(0, 0, 0, 0.05); --bs-table-active-color: #212529; --bs-table-active-bg: rgba(0, 0, 0, 0.1); --bs-table-hover-color: #212529; --bs-table-hover-bg: rgba(0, 0, 0, 0.075); width: 718.4px; color: rgb(93, 93, 93); vertical-align: top; border-color: rgb(222, 226, 230); font-size: 15px;\\\"><tbody style=\\\"border-style: solid; border-width: 1px; vertical-align: inherit;\\\"><tr style=\\\"border: 1px solid rgba(240, 240, 240, 0.94);\\\"><td class=\\\"td1\\\" style=\\\"border: 0px; width: 179.4px; background-color: rgba(226, 226, 226, 0.13); box-shadow: inset 0 0 0 9999px var(--bs-table-accent-bg); padding: 7px 10px !important;\\\">Name</td><td class=\\\"td2\\\" style=\\\"border: 0px; width: 538.2px; background-color: var(--bs-table-bg); box-shadow: inset 0 0 0 9999px var(--bs-table-accent-bg); padding: 7px 10px !important;\\\">Samsung Galaxy S25 Ultra</td></tr><tr style=\\\"border: 1px solid rgba(240, 240, 240, 0.94);\\\"><td class=\\\"td1\\\" style=\\\"border: 0px; width: 179.4px; background-color: rgba(226, 226, 226, 0.13); box-shadow: inset 0 0 0 9999px var(--bs-table-accent-bg); padding: 7px 10px !important;\\\">Release Date</td><td class=\\\"td2\\\" style=\\\"border: 0px; width: 538.2px; background-color: var(--bs-table-bg); box-shadow: inset 0 0 0 9999px var(--bs-table-accent-bg); padding: 7px 10px !important;\\\">03-Feb-2025</td></tr><tr style=\\\"border: 1px solid rgba(240, 240, 240, 0.94);\\\"><td class=\\\"td1\\\" style=\\\"border: 0px; width: 179.4px; background-color: rgba(226, 226, 226, 0.13); box-shadow: inset 0 0 0 9999px var(--bs-table-accent-bg); padding: 7px 10px !important;\\\">Market Status</td><td class=\\\"td2\\\" style=\\\"border: 0px; width: 538.2px; background-color: var(--bs-table-bg); box-shadow: inset 0 0 0 9999px var(--bs-table-accent-bg); padding: 7px 10px !important;\\\">Upcoming</td></tr><tr style=\\\"border: 1px solid rgba(240, 240, 240, 0.94);\\\"><td class=\\\"td1\\\" style=\\\"border: 0px; width: 179.4px; background-color: rgba(226, 226, 226, 0.13); box-shadow: inset 0 0 0 9999px var(--bs-table-accent-bg); padding: 7px 10px !important;\\\">Variant</td><td class=\\\"td2\\\" style=\\\"border: 0px; width: 538.2px; background-color: var(--bs-table-bg); box-shadow: inset 0 0 0 9999px var(--bs-table-accent-bg); padding: 7px 10px !important;\\\">RAM: 12GB + ROM: 256GB</td></tr></tbody></table></div></div></div></section>', 1, '2025-01-28 19:14:33'),
(18, 3, 1, 5, 'Samsung Galaxy S23 Ultra', '<div class=\\\"header bg-white border-bottom p-2\\\" style=\\\"--bs-bg-opacity: 1; color: rgb(98, 98, 98); font-family: Roboto, sans-serif; font-size: 16px; background-color: rgba(var(--bs-white-rgb), var(--bs-bg-opacity)) !important;\\\"><h2 class=\\\"foswald mb-0 h6 foswald\\\" style=\\\"font-family: Oswald, sans-serif !important;\\\"><b>Samsung Galaxy S23 Ultra Price in Bangladesh 2024 & Release Date</b></h2></div><div class=\\\"product-specs-tbl cbg-white p-2\\\" style=\\\"color: rgb(98, 98, 98); font-family: Roboto, sans-serif; font-size: 16px; background-color: rgba(255, 255, 255, 0.85) !important;\\\"><div class=\\\"specs-group\\\" style=\\\"border-radius: 5px; overflow: hidden;\\\"><table class=\\\"table m-0\\\" style=\\\"caption-side: bottom; --bs-table-bg: transparent; --bs-table-accent-bg: transparent; --bs-table-striped-color: #212529; --bs-table-striped-bg: rgba(0, 0, 0, 0.05); --bs-table-active-color: #212529; --bs-table-active-bg: rgba(0, 0, 0, 0.1); --bs-table-hover-color: #212529; --bs-table-hover-bg: rgba(0, 0, 0, 0.075); width: 718.4px; color: rgb(93, 93, 93); vertical-align: top; border-color: rgb(222, 226, 230); font-size: 15px;\\\"><tbody style=\\\"border-style: solid; border-width: 1px; vertical-align: inherit;\\\"><tr style=\\\"border: 1px solid rgba(240, 240, 240, 0.94);\\\"><td class=\\\"td1\\\" style=\\\"border: 0px; width: 179.4px; background-color: rgba(226, 226, 226, 0.13); box-shadow: inset 0 0 0 9999px var(--bs-table-accent-bg); padding: 7px 10px !important;\\\">Name</td><td class=\\\"td2\\\" style=\\\"border: 0px; width: 538.2px; background-color: var(--bs-table-bg); box-shadow: inset 0 0 0 9999px var(--bs-table-accent-bg); padding: 7px 10px !important;\\\">Samsung Galaxy S23 Ultra</td></tr><tr style=\\\"border: 1px solid rgba(240, 240, 240, 0.94);\\\"><td class=\\\"td1\\\" style=\\\"border: 0px; width: 179.4px; background-color: rgba(226, 226, 226, 0.13); box-shadow: inset 0 0 0 9999px var(--bs-table-accent-bg); padding: 7px 10px !important;\\\">Official Price</td><td class=\\\"td2\\\" style=\\\"border: 0px; width: 538.2px; background-color: var(--bs-table-bg); box-shadow: inset 0 0 0 9999px var(--bs-table-accent-bg); padding: 7px 10px !important;\\\">BDT. 209,999</td></tr><tr style=\\\"border: 1px solid rgba(240, 240, 240, 0.94);\\\"><td class=\\\"td1\\\" style=\\\"border: 0px; width: 179.4px; background-color: rgba(226, 226, 226, 0.13); box-shadow: inset 0 0 0 9999px var(--bs-table-accent-bg); padding: 7px 10px !important;\\\">Unofficial Price</td><td class=\\\"td2\\\" style=\\\"border: 0px; width: 538.2px; background-color: var(--bs-table-bg); box-shadow: inset 0 0 0 9999px var(--bs-table-accent-bg); padding: 7px 10px !important;\\\">BDT. 91,999</td></tr><tr style=\\\"border: 1px solid rgba(240, 240, 240, 0.94);\\\"><td class=\\\"td1\\\" style=\\\"border: 0px; width: 179.4px; background-color: rgba(226, 226, 226, 0.13); box-shadow: inset 0 0 0 9999px var(--bs-table-accent-bg); padding: 7px 10px !important;\\\">Release Date</td><td class=\\\"td2\\\" style=\\\"border: 0px; width: 538.2px; background-color: var(--bs-table-bg); box-shadow: inset 0 0 0 9999px var(--bs-table-accent-bg); padding: 7px 10px !important;\\\">17-Jan-2023</td></tr><tr style=\\\"border: 1px solid rgba(240, 240, 240, 0.94);\\\"><td class=\\\"td1\\\" style=\\\"border: 0px; width: 179.4px; background-color: rgba(226, 226, 226, 0.13); box-shadow: inset 0 0 0 9999px var(--bs-table-accent-bg); padding: 7px 10px !important;\\\">Market Status</td><td class=\\\"td2\\\" style=\\\"border: 0px; width: 538.2px; background-color: var(--bs-table-bg); box-shadow: inset 0 0 0 9999px var(--bs-table-accent-bg); padding: 7px 10px !important;\\\">In Stock</td></tr><tr style=\\\"border: 1px solid rgba(240, 240, 240, 0.94);\\\"><td class=\\\"td1\\\" style=\\\"border: 0px; width: 179.4px; background-color: rgba(226, 226, 226, 0.13); box-shadow: inset 0 0 0 9999px var(--bs-table-accent-bg); padding: 7px 10px !important;\\\">Variant</td><td class=\\\"td2\\\" style=\\\"border: 0px; width: 538.2px; background-color: var(--bs-table-bg); box-shadow: inset 0 0 0 9999px var(--bs-table-accent-bg); padding: 7px 10px !important;\\\">RAM: 12GB + ROM: 256GB</td></tr></tbody></table></div></div>', 1, '2025-01-28 19:23:43'),
(19, 3, 1, 5, 'Samsung Galaxy S24 Ultra', '<div class=\\\"header bg-white border-bottom p-2\\\" style=\\\"--bs-bg-opacity: 1; color: rgb(98, 98, 98); font-family: Roboto, sans-serif; font-size: 16px; background-color: rgba(var(--bs-white-rgb), var(--bs-bg-opacity)) !important;\\\"><h2 class=\\\"foswald mb-0 h6 foswald\\\" style=\\\"font-family: Oswald, sans-serif !important;\\\"><b>Samsung Galaxy S24 Ultra Price in Bangladesh 2024 & Release Date</b></h2></div><div class=\\\"product-specs-tbl cbg-white p-2\\\" style=\\\"color: rgb(98, 98, 98); font-family: Roboto, sans-serif; font-size: 16px; background-color: rgba(255, 255, 255, 0.85) !important;\\\"><div class=\\\"specs-group\\\" style=\\\"border-radius: 5px; overflow: hidden;\\\"><table class=\\\"table m-0\\\" style=\\\"caption-side: bottom; --bs-table-bg: transparent; --bs-table-accent-bg: transparent; --bs-table-striped-color: #212529; --bs-table-striped-bg: rgba(0, 0, 0, 0.05); --bs-table-active-color: #212529; --bs-table-active-bg: rgba(0, 0, 0, 0.1); --bs-table-hover-color: #212529; --bs-table-hover-bg: rgba(0, 0, 0, 0.075); width: 718.4px; color: rgb(93, 93, 93); vertical-align: top; border-color: rgb(222, 226, 230); font-size: 15px;\\\"><tbody style=\\\"border-style: solid; border-width: 1px; vertical-align: inherit;\\\"><tr style=\\\"border: 1px solid rgba(240, 240, 240, 0.94);\\\"><td class=\\\"td1\\\" style=\\\"border: 0px; width: 179.4px; background-color: rgba(226, 226, 226, 0.13); box-shadow: inset 0 0 0 9999px var(--bs-table-accent-bg); padding: 7px 10px !important;\\\">Name</td><td class=\\\"td2\\\" style=\\\"border: 0px; width: 538.2px; background-color: var(--bs-table-bg); box-shadow: inset 0 0 0 9999px var(--bs-table-accent-bg); padding: 7px 10px !important;\\\">Samsung Galaxy S24 Ultra</td></tr><tr style=\\\"border: 1px solid rgba(240, 240, 240, 0.94);\\\"><td class=\\\"td1\\\" style=\\\"border: 0px; width: 179.4px; background-color: rgba(226, 226, 226, 0.13); box-shadow: inset 0 0 0 9999px var(--bs-table-accent-bg); padding: 7px 10px !important;\\\">Official Price</td><td class=\\\"td2\\\" style=\\\"border: 0px; width: 538.2px; background-color: var(--bs-table-bg); box-shadow: inset 0 0 0 9999px var(--bs-table-accent-bg); padding: 7px 10px !important;\\\">BDT. 243,999</td></tr><tr style=\\\"border: 1px solid rgba(240, 240, 240, 0.94);\\\"><td class=\\\"td1\\\" style=\\\"border: 0px; width: 179.4px; background-color: rgba(226, 226, 226, 0.13); box-shadow: inset 0 0 0 9999px var(--bs-table-accent-bg); padding: 7px 10px !important;\\\">Unofficial Price</td><td class=\\\"td2\\\" style=\\\"border: 0px; width: 538.2px; background-color: var(--bs-table-bg); box-shadow: inset 0 0 0 9999px var(--bs-table-accent-bg); padding: 7px 10px !important;\\\">BDT. 103,500</td></tr><tr style=\\\"border: 1px solid rgba(240, 240, 240, 0.94);\\\"><td class=\\\"td1\\\" style=\\\"border: 0px; width: 179.4px; background-color: rgba(226, 226, 226, 0.13); box-shadow: inset 0 0 0 9999px var(--bs-table-accent-bg); padding: 7px 10px !important;\\\">Release Date</td><td class=\\\"td2\\\" style=\\\"border: 0px; width: 538.2px; background-color: var(--bs-table-bg); box-shadow: inset 0 0 0 9999px var(--bs-table-accent-bg); padding: 7px 10px !important;\\\">24-Jan-2024</td></tr><tr style=\\\"border: 1px solid rgba(240, 240, 240, 0.94);\\\"><td class=\\\"td1\\\" style=\\\"border: 0px; width: 179.4px; background-color: rgba(226, 226, 226, 0.13); box-shadow: inset 0 0 0 9999px var(--bs-table-accent-bg); padding: 7px 10px !important;\\\">Market Status</td><td class=\\\"td2\\\" style=\\\"border: 0px; width: 538.2px; background-color: var(--bs-table-bg); box-shadow: inset 0 0 0 9999px var(--bs-table-accent-bg); padding: 7px 10px !important;\\\">In Stock</td></tr><tr style=\\\"border: 1px solid rgba(240, 240, 240, 0.94);\\\"><td class=\\\"td1\\\" style=\\\"border: 0px; width: 179.4px; background-color: rgba(226, 226, 226, 0.13); box-shadow: inset 0 0 0 9999px var(--bs-table-accent-bg); padding: 7px 10px !important;\\\">Variant</td><td class=\\\"td2\\\" style=\\\"border: 0px; width: 538.2px; background-color: var(--bs-table-bg); box-shadow: inset 0 0 0 9999px var(--bs-table-accent-bg); padding: 7px 10px !important;\\\">RAM: 12GB + ROM: 256GB</td></tr></tbody></table></div></div>', 1, '2025-01-28 21:10:41'),
(20, 1, 2, 2, 'Cover Case (13 pro max)', '<h1 class=\\\"product_title entry-title wd-entities-title\\\" style=\\\"text-align: justify; margin-right: 0px; margin-bottom: var(--wd-mb); margin-left: 0px; padding: 0px; border: 0px; vertical-align: baseline; font-variant-numeric: inherit; font-variant-east-asian: inherit; font-variant-alternates: inherit; font-variant-position: inherit; font-variant-emoji: inherit; font-stretch: inherit; font-family: Hind, Arial, Helvetica, sans-serif; font-optical-sizing: inherit; font-size-adjust: inherit; font-kerning: inherit; font-feature-settings: inherit; font-variation-settings: inherit; font-size: 18px; display: var(--page-title-display); overflow-wrap: break-word; --page-title-display: block;\\\">Esr Project Zero Case Crystal-Clear Thin Silicone Case for iPhone 13 Pro Max</h1>', 1, '2025-01-28 21:19:54'),
(21, 1, 2, 7, 'Apple AirPods 3rd generation with Charging Case', '<h2 style=\\\"margin-right: 0px; margin-bottom: 10px; margin-left: 0px; padding: 0px; font-size: 18px; line-height: 26px; color: rgb(0, 0, 0); font-family: \\\"Trebuchet MS\\\", sans-serif;\\\">Key Features</h2><ul style=\\\"margin-right: 0px; margin-bottom: 0px; margin-left: 0px; padding: 0px; color: rgb(0, 0, 0); font-family: \\\"Trebuchet MS\\\", sans-serif; font-size: 15px;\\\"><li style=\\\"margin: 0px; padding: 0px 0px 10px; display: block; line-height: 20px;\\\">MPN: MME73AM/A \\\\ MME73ZA/A / MPNY3AM/A</li><li style=\\\"margin: 0px; padding: 0px 0px 10px; display: block; line-height: 20px;\\\">Model: Apple AirPods 3rd generation</li><li style=\\\"margin: 0px; padding: 0px 0px 10px; display: block; line-height: 20px;\\\">Spatial audio with dynamic head tracking</li><li style=\\\"margin: 0px; padding: 0px 0px 10px; display: block; line-height: 20px;\\\">Adaptive EQ Adjust Music in Real-Time</li><li style=\\\"margin: 0px; padding: 0px 0px 10px; display: block; line-height: 20px;\\\">IPX4 Sweat & Water Resistance</li><li style=\\\"margin: 0px; padding: 0px 0px 10px; display: block; line-height: 20px;\\\">Up to 6 hours of listening time</li></ul>', 1, '2025-01-28 21:27:27'),
(22, 1, 2, 7, 'Apple AirPods Pro 2nd Generation With Lighting Charging Case', '<h2 style=\\\"margin-right: 0px; margin-bottom: 10px; margin-left: 0px; padding: 0px; font-size: 18px; line-height: 26px; color: rgb(0, 0, 0); font-family: \\\"Trebuchet MS\\\", sans-serif;\\\">Key Features</h2><ul style=\\\"margin-right: 0px; margin-bottom: 0px; margin-left: 0px; padding: 0px; color: rgb(0, 0, 0); font-family: \\\"Trebuchet MS\\\", sans-serif; font-size: 15px;\\\"><li style=\\\"margin: 0px; padding: 0px 0px 10px; display: block; line-height: 20px;\\\">MPN: MQD83AM/A, MQD83ZP/A</li><li style=\\\"margin: 0px; padding: 0px 0px 10px; display: block; line-height: 20px;\\\">Model: AirPods Pro (2nd Generation)</li><li style=\\\"margin: 0px; padding: 0px 0px 10px; display: block; line-height: 20px;\\\">Personalized Spatial Audio with dynamic head tracking</li><li style=\\\"margin: 0px; padding: 0px 0px 10px; display: block; line-height: 20px;\\\">Active Noise Cancellation and Adaptive Transparency</li><li style=\\\"margin: 0px; padding: 0px 0px 10px; display: block; line-height: 20px;\\\">Sweat and water resistant</li><li style=\\\"margin: 0px; padding: 0px 0px 10px; display: block; line-height: 20px;\\\">Up to 6 hours of listening time</li></ul>', 1, '2025-01-28 21:29:44'),
(23, 22, 2, 7, 'Sony WF-1000XM5 Noise Canceling True Wireless Earbuds', '<h2 style=\\\"margin-right: 0px; margin-bottom: 10px; margin-left: 0px; padding: 0px; font-size: 18px; line-height: 26px; color: rgb(0, 0, 0); font-family: \\\"Trebuchet MS\\\", sans-serif;\\\">Key Features</h2><ul style=\\\"margin-right: 0px; margin-bottom: 0px; margin-left: 0px; padding: 0px; color: rgb(0, 0, 0); font-family: \\\"Trebuchet MS\\\", sans-serif; font-size: 15px;\\\"><li style=\\\"margin: 0px; padding: 0px 0px 10px; display: block; line-height: 20px;\\\">Model: WF-1000XM5</li><li style=\\\"margin: 0px; padding: 0px 0px 10px; display: block; line-height: 20px;\\\">Driver: 8.4 mm Dynamic</li><li style=\\\"margin: 0px; padding: 0px 0px 10px; display: block; line-height: 20px;\\\">Playtime: Maximum 12 hours</li><li style=\\\"margin: 0px; padding: 0px 0px 10px; display: block; line-height: 20px;\\\">Connectivity: Bluetooth 5.3</li><li style=\\\"margin: 0px; padding: 0px 0px 10px; display: block; line-height: 20px;\\\">AI Noise Cancellation</li></ul>', 1, '2025-01-28 21:32:19'),
(24, 19, 2, 7, 'Jabra Evolve2 Buds USB-C ANC Earbuds', '<h2 style=\\\"margin-right: 0px; margin-bottom: 10px; margin-left: 0px; padding: 0px; font-size: 18px; line-height: 26px; color: rgb(0, 0, 0); font-family: \\\"Trebuchet MS\\\", sans-serif;\\\">Key Features</h2><ul style=\\\"margin-right: 0px; margin-bottom: 0px; margin-left: 0px; padding: 0px; color: rgb(0, 0, 0); font-family: \\\"Trebuchet MS\\\", sans-serif; font-size: 15px;\\\"><li style=\\\"margin: 0px; padding: 0px 0px 10px; display: block; line-height: 20px;\\\">MPN: 20797-999–999</li><li style=\\\"margin: 0px; padding: 0px 0px 10px; display: block; line-height: 20px;\\\">Model: Evolve2 Buds</li><li style=\\\"margin: 0px; padding: 0px 0px 10px; display: block; line-height: 20px;\\\">Speaker size: 6 mm</li><li style=\\\"margin: 0px; padding: 0px 0px 10px; display: block; line-height: 20px;\\\">Microphone type: MEMS</li><li style=\\\"margin: 0px; padding: 0px 0px 10px; display: block; line-height: 20px;\\\">Bluetooth version 5.2</li><li style=\\\"margin: 0px; padding: 0px 0px 10px; display: block; line-height: 20px;\\\">IP rating: IP57</li></ul>', 1, '2025-01-28 21:35:00'),
(25, 1, 3, 1, 'Apple iPhone 16 Pro Max Battery', '<p class=\\\"page_speed_352817114\\\" style=\\\"text-align: justify; font-family: var(--primary-font),sans-serif; color: rgb(0, 0, 0); font-size: 1.4rem; line-height: 1.6em;\\\">Apple iPhone 16 Pro Max Battery Specifications</p><p><span style=\\\"font-family: var(--primary-font),sans-serif; font-weight: bolder;\\\">Battery Type:</span>Li-Ion 4685 mAh, non-removable<span style=\\\"font-family: var(--primary-font),sans-serif; font-weight: bolder;\\\">Charging:</span>Wired, PD2.0, 50% in 30 min (advertised)<br style=\\\"font-family: var(--primary-font),sans-serif;\\\">25W wireless (MagSafe), 15W wireless (China only)<br style=\\\"font-family: var(--primary-font),sans-serif;\\\">15W wireless (Qi2)<br style=\\\"font-family: var(--primary-font),sans-serif;\\\">4.5W reverse wired<span style=\\\"font-family: var(--primary-font),sans-serif; font-weight: bolder;\\\">Durability:</span>Long Lasting for Prolonged use</p>', 1, '2025-01-28 21:40:31');

-- --------------------------------------------------------

--
-- Table structure for table `sales`
--

CREATE TABLE `sales` (
  `id` int(30) NOT NULL,
  `order_id` int(30) NOT NULL,
  `total_amount` double NOT NULL,
  `date_created` datetime NOT NULL DEFAULT current_timestamp()
) ENGINE=InnoDB DEFAULT CHARSET=utf8mb4 COLLATE=utf8mb4_general_ci;

--
-- Dumping data for table `sales`
--

INSERT INTO `sales` (`id`, `order_id`, `total_amount`, `date_created`) VALUES
(1, 1, 75340, '2025-01-07 10:01:25'),
(2, 2, 226999, '2025-01-28 21:59:36');

-- --------------------------------------------------------

--
-- Table structure for table `sub_categories`
--

CREATE TABLE `sub_categories` (
  `id` int(30) NOT NULL,
  `parent_id` int(30) NOT NULL,
  `sub_category` varchar(250) NOT NULL,
  `description` text NOT NULL,
  `status` tinyint(1) NOT NULL DEFAULT 1,
  `date_created` datetime NOT NULL DEFAULT current_timestamp()
) ENGINE=InnoDB DEFAULT CHARSET=utf8mb4 COLLATE=utf8mb4_general_ci;

--
-- Dumping data for table `sub_categories`
--

INSERT INTO `sub_categories` (`id`, `parent_id`, `sub_category`, `description`, `status`, `date_created`) VALUES
(1, 3, 'Batteries', 'Mobile Batteries', 1, '2025-01-03 10:01:25'),
(2, 2, 'Phone Case Cover', 'Mobile Phones Cases', 1, '2025-01-03 10:09:25'),
(3, 4, 'Micro SD Card', 'Micro SD Cards', 1, '2025-01-03 10:21:25'),
(5, 1, 'Android Phone', 'Android is an operating system developed by Google for mobile devices such as smartphones and tablets. It&#039;s known for its flexibility, customization options, and wide range of devices from various manufacturers. Android offers a diverse app ecosystem through the Google Play Store, where users can download apps, games, and utilities tailored to their preferences. It supports a variety of hardware configurations and integrates well with Google services like Gmail, Google Maps, and Google Assistant.', 1, '2025-01-28 17:16:02'),
(6, 1, 'ios', 'iOS is Apple&#039;s mobile operating system designed exclusively for iPhones, iPads, and iPod Touch devices. It&#039;s renowned for its smooth user experience, security features, and seamless integration with other Apple products like Macs and Apple Watch. iOS provides access to the App Store, offering a vast selection of high-quality apps, including exclusive titles and games optimized for iOS devices. It&#039;s known for its consistent updates, strong privacy controls, and intuitive interface design.', 1, '2025-01-28 17:16:31'),
(7, 2, 'Air Pods', 'AirPods are Apple&rsquo;s wireless Bluetooth earbuds, designed for seamless integration with Apple devices like iPhones, iPads, Macs, and Apple Watches. They offer high-quality audio performance, an ergonomic design for a comfortable fit, and advanced features such as automatic device pairing, touch controls, and voice activation with Siri. With their compact charging case, AirPods provide extended battery life and are perfect for listening to music, taking calls, or accessing virtual assistants on the go. Some models, like the AirPods Pro and AirPods Max, also include active noise cancellation and spatial audio for immersive sound experiences.', 1, '2025-01-28 21:25:13');

-- --------------------------------------------------------

--
-- Table structure for table `system_info`
--

CREATE TABLE `system_info` (
  `id` int(30) NOT NULL,
  `meta_field` text NOT NULL,
  `meta_value` text NOT NULL
) ENGINE=InnoDB DEFAULT CHARSET=utf8mb4 COLLATE=utf8mb4_general_ci;

--
-- Dumping data for table `system_info`
--

INSERT INTO `system_info` (`id`, `meta_field`, `meta_value`) VALUES
(1, 'name', 'Trust Tech.Com'),
(6, 'short_name', 'Trust Tech.Com'),
(11, 'logo', 'uploads/1737216840_logo.jpg'),
(13, 'user_avatar', 'uploads/user_avatar.jpg'),
(14, 'cover', 'uploads/1738079580_8ec7c91edc7850e27fe773369d6dc0aa.jpg');

-- --------------------------------------------------------

--
-- Table structure for table `users`
--

CREATE TABLE `users` (
  `id` int(50) NOT NULL,
  `firstname` varchar(250) NOT NULL,
  `lastname` varchar(250) NOT NULL,
  `username` text NOT NULL,
  `password` text NOT NULL,
  `avatar` text DEFAULT NULL,
  `last_login` datetime DEFAULT NULL,
  `type` tinyint(1) NOT NULL DEFAULT 0,
  `date_added` datetime NOT NULL DEFAULT current_timestamp(),
  `date_updated` datetime DEFAULT NULL ON UPDATE current_timestamp()
) ENGINE=InnoDB DEFAULT CHARSET=utf8mb4 COLLATE=utf8mb4_general_ci;

--
-- Dumping data for table `users`
--

INSERT INTO `users` (`id`, `firstname`, `lastname`, `username`, `password`, `avatar`, `last_login`, `type`, `date_added`, `date_updated`) VALUES
(1, 'Adminstrator', 'Admin', 'admin', '0192023a7bbd73250516f069df18b500', 'uploads/1738061880_WhatsApp Image 2024-12-07 at 6.07.53 PM.jpeg', NULL, 1, '2024-12-15 10:01:25', '2025-01-28 16:58:29');

--
-- Indexes for dumped tables
--

--
-- Indexes for table `brands`
--
ALTER TABLE `brands`
  ADD PRIMARY KEY (`id`);

--
-- Indexes for table `cart`
--
ALTER TABLE `cart`
  ADD PRIMARY KEY (`id`);

--
-- Indexes for table `categories`
--
ALTER TABLE `categories`
  ADD PRIMARY KEY (`id`);

--
-- Indexes for table `clients`
--
ALTER TABLE `clients`
  ADD PRIMARY KEY (`id`);

--
-- Indexes for table `inventory`
--
ALTER TABLE `inventory`
  ADD PRIMARY KEY (`id`);

--
-- Indexes for table `orders`
--
ALTER TABLE `orders`
  ADD PRIMARY KEY (`id`);

--
-- Indexes for table `order_list`
--
ALTER TABLE `order_list`
  ADD PRIMARY KEY (`id`);

--
-- Indexes for table `products`
--
ALTER TABLE `products`
  ADD PRIMARY KEY (`id`);

--
-- Indexes for table `sales`
--
ALTER TABLE `sales`
  ADD PRIMARY KEY (`id`);

--
-- Indexes for table `sub_categories`
--
ALTER TABLE `sub_categories`
  ADD PRIMARY KEY (`id`);

--
-- Indexes for table `system_info`
--
ALTER TABLE `system_info`
  ADD PRIMARY KEY (`id`);

--
-- Indexes for table `users`
--
ALTER TABLE `users`
  ADD PRIMARY KEY (`id`);

--
-- AUTO_INCREMENT for dumped tables
--

--
-- AUTO_INCREMENT for table `brands`
--
ALTER TABLE `brands`
  MODIFY `id` int(30) NOT NULL AUTO_INCREMENT, AUTO_INCREMENT=25;

--
-- AUTO_INCREMENT for table `cart`
--
ALTER TABLE `cart`
  MODIFY `id` int(30) NOT NULL AUTO_INCREMENT, AUTO_INCREMENT=4;

--
-- AUTO_INCREMENT for table `categories`
--
ALTER TABLE `categories`
  MODIFY `id` int(30) NOT NULL AUTO_INCREMENT, AUTO_INCREMENT=6;

--
-- AUTO_INCREMENT for table `clients`
--
ALTER TABLE `clients`
  MODIFY `id` int(30) NOT NULL AUTO_INCREMENT, AUTO_INCREMENT=3;

--
-- AUTO_INCREMENT for table `inventory`
--
ALTER TABLE `inventory`
  MODIFY `id` int(30) NOT NULL AUTO_INCREMENT, AUTO_INCREMENT=26;

--
-- AUTO_INCREMENT for table `orders`
--
ALTER TABLE `orders`
  MODIFY `id` int(30) NOT NULL AUTO_INCREMENT, AUTO_INCREMENT=3;

--
-- AUTO_INCREMENT for table `order_list`
--
ALTER TABLE `order_list`
  MODIFY `id` int(30) NOT NULL AUTO_INCREMENT, AUTO_INCREMENT=4;

--
-- AUTO_INCREMENT for table `products`
--
ALTER TABLE `products`
  MODIFY `id` int(30) NOT NULL AUTO_INCREMENT, AUTO_INCREMENT=26;

--
-- AUTO_INCREMENT for table `sales`
--
ALTER TABLE `sales`
  MODIFY `id` int(30) NOT NULL AUTO_INCREMENT, AUTO_INCREMENT=3;

--
-- AUTO_INCREMENT for table `sub_categories`
--
ALTER TABLE `sub_categories`
  MODIFY `id` int(30) NOT NULL AUTO_INCREMENT, AUTO_INCREMENT=8;

--
-- AUTO_INCREMENT for table `system_info`
--
ALTER TABLE `system_info`
  MODIFY `id` int(30) NOT NULL AUTO_INCREMENT, AUTO_INCREMENT=15;

--
-- AUTO_INCREMENT for table `users`
--
ALTER TABLE `users`
  MODIFY `id` int(50) NOT NULL AUTO_INCREMENT, AUTO_INCREMENT=2;
COMMIT;

/*!40101 SET CHARACTER_SET_CLIENT=@OLD_CHARACTER_SET_CLIENT */;
/*!40101 SET CHARACTER_SET_RESULTS=@OLD_CHARACTER_SET_RESULTS */;
/*!40101 SET COLLATION_CONNECTION=@OLD_COLLATION_CONNECTION */;
